"		지점번호",지점명,일시,평균기온(℃),평균최고기온(℃),최고기온(℃),평균최저기온(℃),최저기온(℃),평균습도(%rh),최저습도(%rh)
"		2",강원,2020-01-01,0.8,5.6,12.6,-3.05,-12.95,65.5,12
"		2",강원,2020-02-01,1.65,6.9,17.3,-3.2,-20.85,63,11
"		2",강원,2020-03-01,6.35,12.55,22.6,0.25,-8.4,58,6
"		2",강원,2020-04-01,9.5,15.6,25.85,3.35,-7.2,53.5,7.5
"		2",강원,2020-05-01,16.65,22.2,31.55,11.75,3,69.5,9.5
"		2",강원,2020-06-01,22.45,27.65,35.85,17.7,9.45,70,18
"		2",강원,2020-07-01,21.6,25.65,34.2,18.2,11,83,30.5
"		2",강원,2020-08-01,25.15,29,36,22.3,17,84,38
"		2",강원,2020-09-01,18.6,23.2,30.25,14.95,5.4,79.5,26
"		2",강원,2020-10-01,12,18.3,25.85,6.7,-3.65,69,12
"		2",강원,2020-11-01,7.2,12.7,23.85,2.25,-8.9,59.5,6
"		2",강원,2020-12-01,-1.25,3.95,12.95,-5.85,-19.5,53.5,9
"		2",강원,2021-01-01,-3.35,2,14.6,-8.6,-23.4,57,11
"		2",강원,2021-02-01,1.8,7.55,21.3,-3.8,-16,54,6
"		2",강원,2021-03-01,7.2,13.15,22.3,1.8,-12.35,64.5,7
"		2",강원,2021-04-01,11.8,17.6,27.55,6.05,-3.55,58.5,9.5
"		2",강원,2021-05-01,15.55,21.1,31.1,10.45,0.8,67.5,12.5
"		2",강원,2021-06-01,20.45,25.35,31.65,16.3,9.05,77,21.5
"		2",강원,2021-07-01,25.2,30.3,36.25,21.05,15.1,80,34
"		2",강원,2021-08-01,23.35,27.65,35.65,20.2,13.85,82,34.5
"		2",강원,2021-09-01,19.75,24.45,30.05,15.95,10,80.5,32
"		2",강원,2021-10-01,13.55,19.2,30.45,9.05,-3.8,76,16.5
"		2",강원,2021-11-01,6.95,12.75,22.45,2.2,-8.9,64,10.5
"		2",강원,2021-12-01,0.05,5.2,14.9,-4.75,-19.6,59.5,12.5
"		2",강원,2022-01-01,-3,2.75,10.3,-8.3,-20.25,57,9
"		2",강원,2022-02-01,-2.1,3.65,14.45,-7.4,-18.2,48.5,8
"		2",강원,2022-03-01,6.1,11.65,21.2,0.7,-10.5,62.5,6.5
"		2",강원,2022-04-01,13.2,19.4,30.65,6.85,-3.9,54,8.5
"		2",강원,2022-05-01,17.3,23.6,33.05,10.8,-0.4,55,6.5
"		2",강원,2022-06-01,21.15,25.75,35.6,17,7.35,75.5,8
"		2",강원,2022-07-01,24.65,29.1,35.25,21.35,16.4,83,30
"		2",강원,2022-08-01,24.05,27.95,35.6,20.75,9,81.5,28
"		2",강원,2022-09-01,19.25,25.05,31.5,14.65,4.65,77,19
"		2",강원,2022-10-01,12.2,18.05,30.1,7.65,-2.65,75.5,12.5
"		2",강원,2022-11-01,8.4,15,24.45,2.85,-10.95,65,5.5
"		2",강원,2022-12-01,-3.5,1.8,11.6,-8.2,-21.1,54.5,11.5
"		2",강원,2023-01-01,-2.6,2.9,15.55,-7.75,-23.55,58.5,8.5
"		2",강원,2023-02-01,0.9,6.45,16.95,-4.35,-14.85,59.5,5.5
"		2",강원,2023-03-01,8.2,14.9,27.2,1.7,-7.8,52.5,4.5
"		2",강원,2023-04-01,12.1,17.9,29.8,6.25,-2.5,58.5,5
"		2",강원,2023-05-01,17.15,23.15,33.45,11.1,-0.35,64.5,11.5
"		2",강원,2023-06-01,21.5,26.85,34.35,16.75,8.7,72.5,19
"		2",강원,2023-07-01,25.2,29.85,36.8,21.75,14,80,25.5
"		2",강원,2023-08-01,24.75,29.15,37.95,21.5,15.75,82,36.5
"		2",강원,2023-09-01,20.85,25.45,32.55,17.25,8.55,82,22
"		2",강원,2023-10-01,13.35,19.6,25.45,8.2,-1.75,71,19
"		2",강원,2023-11-01,6.4,11.7,27.5,1.5,-12.4,59,9
"		2",강원,2023-12-01,0,4.55,19.05,-4.55,-19.35,66.5,18
"		1",경기,2020-01-01,1.3,5.9,12.4,-2.6,-11.4,67,16
"		1",경기,2020-02-01,2.2,7.1,17.5,-2.2,-15.8,69,14
"		1",경기,2020-03-01,7.2,13.1,22.3,1.5,-7,57,10
"		1",경기,2020-04-01,10.6,16.4,25.5,5,-3.8,57,9
"		1",경기,2020-05-01,17.3,22.6,30,12.8,5.9,73,10
"		1",경기,2020-06-01,22.8,27.9,35.5,18.6,11.7,75,22
"		1",경기,2020-07-01,23.4,27.3,33,20.2,15.3,82,34
"		1",경기,2020-08-01,26,29.3,35,23.7,19.8,88,47
"		1",경기,2020-09-01,20.6,25.2,30.5,17,9.1,77,22
"		1",경기,2020-10-01,13.5,19.4,25.1,8.2,-2.3,67,16
"		1",경기,2020-11-01,7.5,12.6,21.1,2.8,-8.9,67,10
"		1",경기,2020-12-01,-0.8,4,11.4,-5.1,-17.4,62,17
"		1",경기,2021-01-01,-2.8,2.2,15,-7.8,-21.7,62,10
"		1",경기,2021-02-01,2.1,7.7,20.8,-3.2,-13.7,59,9
"		1",경기,2021-03-01,8.1,14.1,23.9,2.9,-4.7,67,11
"		1",경기,2021-04-01,13.4,19,29.1,8,-0.5,59,9
"		1",경기,2021-05-01,16.3,21.5,30.8,11.7,3.9,73,19
"		1",경기,2021-06-01,22,26.9,32.3,17.9,11.5,77,22
"		1",경기,2021-07-01,27,31.5,36.5,23.3,17.5,76,27
"		1",경기,2021-08-01,25.1,29.3,35.1,21.9,16.8,79,33
"		1",경기,2021-09-01,21.9,26.6,30.3,18,13,75,27
"		1",경기,2021-10-01,15,20.3,28.8,10.6,-2,74,10
"		1",경기,2021-11-01,7.6,13,22.2,3,-7,72,16
"		1",경기,2021-12-01,0.3,5.2,13.6,-4.2,-18.7,64,16
"		1",경기,2022-01-01,-2.5,2.6,10,-7.4,-18.7,59,20
"		1",경기,2022-02-01,-1.4,3.9,11.6,-6.3,-15.6,57,12
"		1",경기,2022-03-01,7,12.4,20.8,2,-8.2,66,8
"		1",경기,2022-04-01,13.6,19.7,30.3,8.1,-2.6,60,9
"		1",경기,2022-05-01,17.9,23.8,31.4,12.1,1.7,61,7
"		1",경기,2022-06-01,22.5,26.9,34,18.7,10.6,76,11
"		1",경기,2022-07-01,26.4,30.4,36.1,23.2,19,81,28
"		1",경기,2022-08-01,25,28.4,33.3,22.2,12.3,85,34
"		1",경기,2022-09-01,21.3,26.7,32.5,17,7.5,74,22
"		1",경기,2022-10-01,13.7,19.3,27.6,9.1,-1.4,73,18
"		1",경기,2022-11-01,9,15,22.4,3.9,-9.4,70,14
"		1",경기,2022-12-01,-3.6,1.1,10.2,-8,-18.8,64,15
"		1",경기,2023-01-01,-2.3,2.7,13.2,-6.9,-20.9,66,18
"		1",경기,2023-02-01,1.5,6.9,14.1,-3.2,-10.5,62,11
"		1",경기,2023-03-01,8.6,15.4,26.4,2.4,-6.5,54,7
"		1",경기,2023-04-01,13,18.5,28.8,7.5,-1.3,62,8
"		1",경기,2023-05-01,18.3,24,32.1,13,3.6,68,15
"		1",경기,2023-06-01,22.4,27,34,18.5,12.8,76,26
"		1",경기,2023-07-01,25.8,29.5,34.9,22.8,18.4,85,39
"		1",경기,2023-08-01,26.4,30.4,35.8,23.2,18.7,81,45
"		1",경기,2023-09-01,22.8,27.1,32.8,19.2,12.5,80,27
"		1",경기,2023-10-01,14.7,20.3,24.6,10,-0.5,74,19
"		1",경기,2023-11-01,6.5,11.4,26.9,2,-9.7,67,10
"		1",경기,2023-12-01,0.6,5,17.9,-3.6,-17.6,72,15
"		7",경남,2020-01-01,4.2,9.4,19.3,0.1,-9.2,64,9
"		7",경남,2020-02-01,5.3,11.1,20.2,0.3,-12,61,5
"		7",경남,2020-03-01,9.3,15.3,24.5,3.5,-6.8,59,6
"		7",경남,2020-04-01,11.9,18.2,26.6,5.8,-3.6,54,6
"		7",경남,2020-05-01,18.1,23.5,29.8,13.4,3.6,71,12
"		7",경남,2020-06-01,22.8,28.3,35.1,18.5,10,75,14
"		7",경남,2020-07-01,22.5,25.9,33.7,20,15,88,42
"		7",경남,2020-08-01,27.1,31.3,37.8,24.1,19.3,85,17
"		7",경남,2020-09-01,20.8,25.4,31.4,17.2,6.3,80,28
"		7",경남,2020-10-01,15.2,21.4,28.1,10.4,0.3,67,8
"		7",경남,2020-11-01,10.1,16,24.6,5,-5,63,9
"		7",경남,2020-12-01,2.3,8.2,15.6,-2.4,-11.8,56,6
"		7",경남,2021-01-01,1.4,7,18.1,-3.7,-17.4,59,4
"		7",경남,2021-02-01,5.4,11.5,24.6,-0.1,-10.1,55,2
"		7",경남,2021-03-01,10.2,16.1,25,4.9,-5.1,67,5
"		7",경남,2021-04-01,14,20.2,28.8,8.2,-0.9,58,1
"		7",경남,2021-05-01,17.7,23,30.6,12.7,1.3,69,2
"		7",경남,2021-06-01,22,26.8,33.4,18.1,8.9,77,19
"		7",경남,2021-07-01,26.1,30.6,35.9,22.7,17.6,82,31
"		7",경남,2021-08-01,25.7,30.1,38.3,22.6,17.9,83,32
"		7",경남,2021-09-01,22,26.2,31.6,18.8,11.7,81,32
"		7",경남,2021-10-01,16.6,22.7,31.4,12,-2,75,15
"		7",경남,2021-11-01,9.8,16.4,22.7,4.7,-5.8,66,6
"		7",경남,2021-12-01,3.8,9.7,18,-1.3,-12.8,58,2
"		7",경남,2022-01-01,1.7,7.9,13.6,-3.4,-12.4,48,1
"		7",경남,2022-02-01,2.1,8,16.9,-3.2,-12.9,43,1
"		7",경남,2022-03-01,9.4,15.4,23.9,3.7,-6.1,62,1
"		7",경남,2022-04-01,14.6,20.9,30.7,8.9,-1.6,61,1
"		7",경남,2022-05-01,19,25.5,33.6,12.8,0.8,56,12
"		7",경남,2022-06-01,22.4,27,35.1,18.8,10.1,77,12
"		7",경남,2022-07-01,26.4,30.8,36.1,22.9,17.1,80,29
"		7",경남,2022-08-01,26.1,30,36.6,22.9,11.6,81,28
"		7",경남,2022-09-01,21.8,26.7,33.2,17.9,7.2,76,15
"		7",경남,2022-10-01,15.6,21.7,31.3,10.5,-1.9,69,9
"		7",경남,2022-11-01,11.3,18.2,24.3,5.8,-4.8,64,3
"		7",경남,2022-12-01,1.3,6.8,16.4,-3.2,-12.9,54,6
"		7",경남,2023-01-01,1.7,7.8,20.1,-3.6,-16.2,55,2
"		7",경남,2023-02-01,4.6,10.8,17.5,-0.7,-9.9,56,4
"		7",경남,2023-03-01,10.8,17.6,26.6,4.8,-6.8,59,1
"		7",경남,2023-04-01,13.9,19.7,29.7,8.3,-1.8,63,2
"		7",경남,2023-05-01,17.9,23.2,33,13.1,2.4,73,8
"		7",경남,2023-06-01,22.6,27.6,34.5,18.4,12.3,76,18
"		7",경남,2023-07-01,25.5,29.4,36.6,22.6,17.8,85,31
"		7",경남,2023-08-01,27.1,31.4,37.8,23.9,18,80,32
"		7",경남,2023-09-01,23.4,27.9,33.4,20.3,12,80,24
"		7",경남,2023-10-01,16,22.4,27.3,11,0.7,67,14
"		7",경남,2023-11-01,9.7,15.7,28.5,4.4,-6.7,61,6
"		7",경남,2023-12-01,4.3,9.8,21.4,-0.3,-11.9,64,13
"		6",경북,2020-01-01,2.8,7.8,16.8,-1.2,-11.5,65,11
"		6",경북,2020-02-01,3.6,9.3,19.3,-1.5,-13.8,63,5
"		6",경북,2020-03-01,8.1,14.6,25.4,1.7,-8.6,59,7
"		6",경북,2020-04-01,11.2,18,29,4.5,-4.3,52,2
"		6",경북,2020-05-01,17.8,23.7,32.8,12.3,3,69,16
"		6",경북,2020-06-01,22.8,28.5,37,17.7,9.3,71,22
"		6",경북,2020-07-01,22,25.7,33.5,19,12.8,86,36
"		6",경북,2020-08-01,26.5,31,36.9,23,17.2,83,34
"		6",경북,2020-09-01,19.7,24.8,30.9,15.7,6.2,80,26
"		6",경북,2020-10-01,13.6,20.1,27.3,8.1,-1.9,68,13
"		6",경북,2020-11-01,8.4,14.4,25.3,3,-6.3,62,9
"		6",경북,2020-12-01,0.3,6.3,15.3,-4.9,-17.7,53,8
"		6",경북,2021-01-01,-1.1,4.8,16.7,-6.5,-21.6,56,10
"		6",경북,2021-02-01,3.5,10,24.9,-2.5,-13.1,53,8
"		6",경북,2021-03-01,8.8,14.7,23.9,3,-4.9,65,3
"		6",경북,2021-04-01,12.8,19,29.6,6.6,-2.9,58,4
"		6",경북,2021-05-01,16.3,22.2,30.8,10.8,0.4,70,8
"		6",경북,2021-06-01,21.3,26.4,33.9,16.9,6.9,76,13
"		6",경북,2021-07-01,25.4,30.4,37.2,21.3,14.3,81,22
"		6",경북,2021-08-01,24.1,28.6,37,20.9,14,84,25
"		6",경북,2021-09-01,20.6,25.2,31.9,16.8,9.2,82,26
"		6",경북,2021-10-01,14.7,21,31.8,9.9,-2.1,78,19
"		6",경북,2021-11-01,8.2,14.7,21.5,2.9,-6.7,67,14
"		6",경북,2021-12-01,2,8,16.4,-3.3,-15.6,58,10
"		6",경북,2022-01-01,-0.4,5.7,13,-5.9,-16.4,50,8
"		6",경북,2022-02-01,0.2,6.3,15.7,-5.3,-16.4,45,9
"		6",경북,2022-03-01,7.9,14.1,23.3,1.9,-9.3,61,9
"		6",경북,2022-04-01,14.2,21.1,31.3,7.2,-3.8,56,7
"		6",경북,2022-05-01,18.6,25.6,33.6,11.6,1.3,53,11
"		6",경북,2022-06-01,22.5,27.9,37.1,17.7,7.6,73,11
"		6",경북,2022-07-01,25.7,30.3,37.2,22.1,17.6,81,23
"		6",경북,2022-08-01,25.1,29.3,37.9,21.7,10.3,82,23
"		6",경북,2022-09-01,20.3,25.7,33.2,15.9,6.7,79,17
"		6",경북,2022-10-01,13.8,20.1,31,8.5,-2.9,74,17
"		6",경북,2022-11-01,9.5,16.7,25.9,3.5,-7,66,7
"		6",경북,2022-12-01,-1.1,4.3,14.1,-5.8,-17.4,57,12
"		6",경북,2023-01-01,-0.3,5.6,19.3,-5.6,-19.5,57,10
"		6",경북,2023-02-01,3,9.2,18.7,-2.5,-12.4,57,8
"		6",경북,2023-03-01,10,17.2,26.4,3,-7.9,53,8
"		6",경북,2023-04-01,13.2,19.5,29.8,6.7,-3.1,60,6
"		6",경북,2023-05-01,17.9,23.7,34.9,11.8,0.7,67,9
"		6",경북,2023-06-01,22.4,27.9,35,17.6,9.2,73,18
"		6",경북,2023-07-01,25.3,29.8,36.8,21.8,16.6,84,26
"		6",경북,2023-08-01,26.2,30.7,37.8,22.7,17.9,82,36
"		6",경북,2023-09-01,22.2,26.7,32.8,18.7,11.6,83,28
"		6",경북,2023-10-01,14.3,21.1,26,8.8,-1,72,17
"		6",경북,2023-11-01,7.9,13.9,29.4,2.5,-9.1,61,11
"		6",경북,2023-12-01,2.2,7.5,20.9,-2.6,-15.5,64,10
"		156",광주,2020-01-01,4.6,9,17.7,1.2,-4.9,68,13
"		156",광주,2020-02-01,5.3,10.6,19.8,0.8,-7,67,10
"		156",광주,2020-03-01,9,15.2,23.3,3.8,-2.2,58,1
"		156",광주,2020-04-01,11.5,18,25.6,6.2,1.6,52,5
"		156",광주,2020-05-01,18.8,24.4,30.1,14.2,10.4,73,12
"		156",광주,2020-06-01,23.6,28.8,33.7,19.6,14.2,79,21
"		156",광주,2020-07-01,23.4,26.8,31.6,20.8,17.8,91,49
"		156",광주,2020-08-01,27.6,31.6,34.4,24.8,23,89,50
"		156",광주,2020-09-01,21.3,25.7,31.1,17.9,13,85,30
"		156",광주,2020-10-01,15.7,21.2,26.2,11.2,6.5,64,12
"		156",광주,2020-11-01,10.5,15.6,23.6,6.4,0.7,63,12
"		156",광주,2020-12-01,2.7,7.8,13.8,-1.1,-8.9,62,7
"		156",광주,2021-01-01,1.4,6.4,15.5,-2.6,-13.5,71,14
"		156",광주,2021-02-01,5.1,10.7,22.6,0.4,-5.8,59,8
"		156",광주,2021-03-01,10.6,17,25,5.6,-0.1,65,11
"		156",광주,2021-04-01,14.9,20.9,27.2,9.7,3.6,52,8
"		156",광주,2021-05-01,18.4,24,30.4,13.4,7.1,68,16
"		156",광주,2021-06-01,23.3,28.3,32.8,19.2,14.9,76,26
"		156",광주,2021-07-01,27,31.4,35.1,23.6,20.1,82,47
"		156",광주,2021-08-01,25.8,30.3,34.5,22.5,19.9,88,46
"		156",광주,2021-09-01,22.9,27.2,32.4,19.5,15.8,84,38
"		156",광주,2021-10-01,17.2,22.7,30.7,12.8,3.6,77,19
"		156",광주,2021-11-01,10.2,15.8,23.8,5.8,1.1,78,22
"		156",광주,2021-12-01,4.1,9.4,15.4,0,-8.3,71,15
"		156",광주,2022-01-01,1.6,6.7,12.2,-2.3,-6.4,59,15
"		156",광주,2022-02-01,1.8,7.2,16.5,-2.4,-7.8,56,11
"		156",광주,2022-03-01,9.6,15.6,22.8,4.5,-0.9,68,8
"		156",광주,2022-04-01,15.5,22.6,29.2,9.8,2.1,60,9
"		156",광주,2022-05-01,19.3,26.1,31.9,13.8,6.9,59,17
"		156",광주,2022-06-01,23.8,29,34.1,20.1,15.8,83,13
"		156",광주,2022-07-01,27,31.1,34.8,23.8,20.2,88,43
"		156",광주,2022-08-01,26.9,30.6,34.2,24.1,17.2,90,41
"		156",광주,2022-09-01,23.1,28,34.5,19.1,13.9,77,28
"		156",광주,2022-10-01,16,21.6,30.5,11.4,4.7,65,18
"		156",광주,2022-11-01,11.8,18.1,24.4,6.8,-1.7,62,17
"		156",광주,2022-12-01,1.1,5.5,12.7,-2.6,-8,63,8
"		156",광주,2023-01-01,1.7,6.7,16.5,-2.5,-13.4,62,14
"		156",광주,2023-02-01,4.2,10.1,16.5,-0.5,-4.5,55,3
"		156",광주,2023-03-01,11.2,18.2,25.2,5.1,-2.3,47,1
"		156",광주,2023-04-01,14.7,20.8,28.4,9.4,2.8,64,1
"		156",광주,2023-05-01,19.4,25,32,14.9,7.4,74,15
"		156",광주,2023-06-01,23.4,28.8,34,19.5,16,80,30
"		156",광주,2023-07-01,26.3,30.3,34.7,23.4,21.3,94,52
"		156",광주,2023-08-01,27.3,32,35.7,24,19.8,90,44
"		156",광주,2023-09-01,23.8,28.3,32.8,20.4,15.1,88,42
"		156",광주,2023-10-01,16.6,22,24.7,12.2,7.3,76,24
"		156",광주,2023-11-01,9.9,14.9,27,5.4,-1.8,75,16
"		156",광주,2023-12-01,4.8,9,20.3,1.2,-9.6,83,35
"		143",대구,2020-01-01,3.8,8.4,15.7,0.1,-4.9,61,14
"		143",대구,2020-02-01,4.9,10.4,18.5,0.2,-7.5,59,16
"		143",대구,2020-03-01,9.5,15.8,25.4,3.6,-2.9,61,22
"		143",대구,2020-04-01,12.6,19,28,6.5,1.3,53,17
"		143",대구,2020-05-01,19.4,25.7,31.3,14,9.1,64,22
"		143",대구,2020-06-01,24.5,30.5,37,19.3,15,63,22
"		143",대구,2020-07-01,23.2,26.8,32.8,20.2,16.8,79,36
"		143",대구,2020-08-01,28.6,33.3,36.3,24.8,22.5,71,34
"		143",대구,2020-09-01,21.2,26,30.8,17.1,11.7,73,32
"		143",대구,2020-10-01,15.4,21.3,27.3,10.1,5.3,64,24
"		143",대구,2020-11-01,9.7,15.3,25.3,4.5,-0.8,59,18
"		143",대구,2020-12-01,1.6,7.2,12.6,-3.1,-10.3,54,18
"		143",대구,2021-01-01,0.5,5.9,16.1,-4.3,-13.6,58,19
"		143",대구,2021-02-01,4.8,11.1,24.4,-0.6,-8.5,59,26
"		143",대구,2021-03-01,10.2,16.1,23.9,4.7,-1.5,69,26
"		143",대구,2021-04-01,14.5,20.6,29.5,8.8,2.5,61,28
"		143",대구,2021-05-01,18.3,24.3,30.8,12.8,7.1,62,16
"		143",대구,2021-06-01,23.2,28.5,33.9,18.9,13.7,64,13
"		143",대구,2021-07-01,26.9,32.1,37.2,22.9,19.6,69,22
"		143",대구,2021-08-01,25.7,30.5,37,22.4,19.7,74,25
"		143",대구,2021-09-01,22.1,26.4,30.9,18.7,15.1,76,26
"		143",대구,2021-10-01,16.5,22.7,31.8,11.5,2,72,20
"		143",대구,2021-11-01,9.5,15.7,20.8,4.4,-2.2,64,17
"		143",대구,2021-12-01,3.1,8.9,14.9,-2.1,-10.8,57,17
"		143",대구,2022-01-01,0.9,6.8,12.8,-4.1,-8.8,47,13
"		143",대구,2022-02-01,1.6,7.4,15.1,-3.4,-9.3,44,15
"		143",대구,2022-03-01,9.7,15.9,23.3,3.8,-2.2,58,13
"		143",대구,2022-04-01,15.9,22.7,30.2,9.4,1.2,55,12
"		143",대구,2022-05-01,20.7,27.4,33.2,14.1,6.5,50,17
"		143",대구,2022-06-01,24.3,29.7,37.1,19.8,13.3,71,20
"		143",대구,2022-07-01,27.5,32.4,36.8,23.7,21.4,77,36
"		143",대구,2022-08-01,26.9,31.4,37.8,23.4,16.2,81,27
"		143",대구,2022-09-01,21.9,26.8,33.2,17.7,11.6,80,22
"		143",대구,2022-10-01,15.5,21.6,31,10.1,3.2,72,25
"		143",대구,2022-11-01,11,17.7,24.3,5.2,-3.2,65,21
"		143",대구,2022-12-01,0.4,5.4,12.8,-4,-9.3,63,24
"		143",대구,2023-01-01,0.9,6.7,15.5,-4.3,-14.2,61,15
"		143",대구,2023-02-01,4.4,10.4,18.1,-0.7,-5.2,51,9
"		143",대구,2023-03-01,11.8,18.8,25.6,5.4,0.2,46,9
"		143",대구,2023-04-01,14.8,20.9,29.6,8.8,4.4,55,8
"		143",대구,2023-05-01,19.3,25.1,33.6,13.8,5.7,63,15
"		143",대구,2023-06-01,24,29.6,34.2,19.3,13.8,66,20
"		143",대구,2023-07-01,26.7,31.1,35.5,23.1,18,78,32
"		143",대구,2023-08-01,27.5,31.9,37.7,24,21.2,76,36
"		143",대구,2023-09-01,23.5,27.9,32.8,20,15.3,77,39
"		143",대구,2023-10-01,15.9,22.4,24.8,10.5,5.3,66,24
"		143",대구,2023-11-01,9.2,15.1,27.3,4.1,-2.4,57,12
"		143",대구,2023-12-01,3.5,8.6,20,-1.3,-9.7,62,15
"		133",대전,2020-01-01,2.7,7.8,14.2,-1.2,-7.7,69,20
"		133",대전,2020-02-01,3.6,9.3,16.8,-1.2,-10.5,68,15
"		133",대전,2020-03-01,8.5,15,23.1,2.3,-3.6,56,12
"		133",대전,2020-04-01,11.5,18.7,26.9,5.2,0.6,51,9
"		133",대전,2020-05-01,18.8,24.4,29.3,13.9,8.6,71,18
"		133",대전,2020-06-01,24.1,29,34.3,20,15,76,26
"		133",대전,2020-07-01,23.6,27.2,31.6,20.7,17.3,88,51
"		133",대전,2020-08-01,27.5,31.5,35.4,24.6,22.8,87,46
"		133",대전,2020-09-01,21.2,25.9,31.4,17.4,12.3,80,37
"		133",대전,2020-10-01,14.2,20.6,25.5,8.9,3.4,70,22
"		133",대전,2020-11-01,8.6,14.4,22.1,3.8,-2.7,69,12
"		133",대전,2020-12-01,0.5,6.1,13.4,-3.8,-13.2,65,13
"		133",대전,2021-01-01,-1,4.6,14.5,-6,-17.5,67,18
"		133",대전,2021-02-01,4,10,22.6,-1.6,-8.9,58,8
"		133",대전,2021-03-01,9.6,15.9,24.4,4,-1.8,65,9
"		133",대전,2021-04-01,14.7,20.9,29.9,8.9,2.3,55,13
"		133",대전,2021-05-01,17.7,23.1,31.8,12.8,6,72,21
"		133",대전,2021-06-01,23.5,28.5,32.9,19.1,13.3,76,27
"		133",대전,2021-07-01,27.8,32.3,36.1,24,20.6,79,40
"		133",대전,2021-08-01,25.8,29.9,35.3,22.6,19.4,84,47
"		133",대전,2021-09-01,22.4,26.8,30.8,18.9,15.2,81,40
"		133",대전,2021-10-01,15.7,21.9,31.2,10.8,0.4,79,25
"		133",대전,2021-11-01,8.9,14.9,21.9,4,-2.3,76,24
"		133",대전,2021-12-01,1.9,7.6,14.1,-3,-14.5,70,20
"		133",대전,2022-01-01,-0.8,5.2,10.2,-5.9,-10.8,54,16
"		133",대전,2022-02-01,0.1,6.1,14.1,-5.2,-10.6,49,12
"		133",대전,2022-03-01,8.3,14.5,21.6,2.5,-2.9,59,11
"		133",대전,2022-04-01,14.9,21.9,28.3,8.3,1.1,52,12
"		133",대전,2022-05-01,19.4,26.3,31.6,12.7,5.5,50,17
"		133",대전,2022-06-01,24.1,29.4,35.7,19.8,14.5,67,14
"		133",대전,2022-07-01,27,31.5,35.4,23.4,20.9,75,32
"		133",대전,2022-08-01,25.7,29.6,34.3,22.7,15.4,79,31
"		133",대전,2022-09-01,21.8,27.5,33.1,17.4,11.3,69,20
"		133",대전,2022-10-01,14.3,20.7,28.3,9.1,2.2,68,14
"		133",대전,2022-11-01,9.5,16.6,25.3,3.8,-5.5,64,11
"		133",대전,2022-12-01,-2,3.3,12.5,-6.4,-13.5,62,15
"		133",대전,2023-01-01,-0.9,5.3,15.6,-5.9,-17.7,60,17
"		133",대전,2023-02-01,2.4,8.8,14.7,-2.9,-6.4,54,10
"		133",대전,2023-03-01,10.2,17.8,25.8,3,-4.1,43,7
"		133",대전,2023-04-01,13.7,19.9,28,7.6,1.7,54,7
"		133",대전,2023-05-01,19,25,31.4,13.2,5.1,61,14
"		133",대전,2023-06-01,23.6,29.2,33.5,18.9,15.6,65,22
"		133",대전,2023-07-01,25.8,30.2,35,22.6,18.8,82,34
"		133",대전,2023-08-01,27,31.7,35.7,23.2,19.2,76,43
"		133",대전,2023-09-01,22.8,27.5,32.5,19.2,14.2,77,36
"		133",대전,2023-10-01,15,21.4,24.1,9.8,3.9,69,17
"		133",대전,2023-11-01,7.6,13.2,26.3,2.6,-6.4,64,14
"		133",대전,2023-12-01,2.2,7.3,19.8,-2,-13.7,70,29
"		159",부산,2020-01-01,6.4,10.9,17.7,3.1,-3.2,57,18
"		159",부산,2020-02-01,7.1,11.8,18.1,3.1,-5,55,14
"		159",부산,2020-03-01,10.4,15,18.2,6.4,-0.3,57,15
"		159",부산,2020-04-01,12.6,17.5,24.4,8.9,4.4,53,15
"		159",부산,2020-05-01,17.9,21.8,26,15,12.2,73,20
"		159",부산,2020-06-01,22.4,26.6,30.7,19.5,16.8,73,19
"		159",부산,2020-07-01,22.1,24.8,30.6,20.3,17.8,87,57
"		159",부산,2020-08-01,27.2,30.4,33.2,24.8,23.4,82,52
"		159",부산,2020-09-01,21.9,25.6,30.6,19.2,15.5,74,29
"		159",부산,2020-10-01,17.3,22.2,25.9,13.8,7,58,22
"		159",부산,2020-11-01,12.4,17.2,23.3,8.5,1.1,52,12
"		159",부산,2020-12-01,4.3,9.3,15,0.5,-8,43,6
"		159",부산,2021-01-01,3.3,7.9,15.7,-0.8,-12.2,50,14
"		159",부산,2021-02-01,7.2,11.9,19.3,3.2,-7.2,51,14
"		159",부산,2021-03-01,11.4,15.9,21.6,7.7,1.6,64,14
"		159",부산,2021-04-01,14.7,19.7,26.5,10.8,6.3,56,11
"		159",부산,2021-05-01,17.7,21.5,26.5,14.7,8.6,68,18
"		159",부산,2021-06-01,21.9,25.4,30.9,19.3,16.6,76,29
"		159",부산,2021-07-01,26.3,29.5,32.4,24,20.8,80,48
"		159",부산,2021-08-01,26.2,29.4,35.6,23.8,20.4,82,50
"		159",부산,2021-09-01,22.9,26.4,28.8,20.5,18.9,79,40
"		159",부산,2021-10-01,18.7,23.3,28.4,15.2,5.5,67,17
"		159",부산,2021-11-01,12.5,17.4,22.3,8.6,3.6,56,22
"		159",부산,2021-12-01,6,10.8,17.8,1.9,-8.6,50,16
"		159",부산,2022-01-01,4,9.2,13.2,0,-6.1,41,13
"		159",부산,2022-02-01,3.6,8.8,15.2,-0.5,-7.5,44,17
"		159",부산,2022-03-01,10.5,14.8,20.1,6.8,-0.8,65,14
"		159",부산,2022-04-01,14.9,19.1,23.6,11.4,5.6,64,17
"		159",부산,2022-05-01,19,23.4,27.4,15.3,8.3,60,24
"		159",부산,2022-06-01,21.7,24.9,28.6,19.4,14.7,84,25
"		159",부산,2022-07-01,26.2,29.7,32.9,23.7,20.1,84,52
"		159",부산,2022-08-01,26.4,29.7,33.1,24,19.5,81,40
"		159",부산,2022-09-01,22.9,26.9,31,20.2,15.4,76,35
"		159",부산,2022-10-01,17.6,22.7,30.8,14,8.1,64,23
"		159",부산,2022-11-01,14.4,19.8,24.2,10.4,-0.8,57,17
"		159",부산,2022-12-01,3.3,8.1,16.4,-0.3,-6.5,44,8
"		159",부산,2023-01-01,3.8,8.9,17.2,-0.2,-12,49,11
"		159",부산,2023-02-01,6.8,11.8,15.7,2.9,-2.7,56,16
"		159",부산,2023-03-01,12.3,17,23.6,8.5,0,62,16
"		159",부산,2023-04-01,14.6,19,25.1,11,4.9,67,15
"		159",부산,2023-05-01,17.9,21.6,25.3,14.9,9.1,73,25
"		159",부산,2023-06-01,22.5,26,28.9,19.9,16.2,72,22
"		159",부산,2023-07-01,25.5,28.5,33.1,23.3,20.4,81,50
"		159",부산,2023-08-01,27.8,31,35.2,25.5,23.5,73,46
"		159",부산,2023-09-01,24.5,28.2,31.7,21.9,16.6,71,33
"		159",부산,2023-10-01,18.3,23.3,26.5,14.9,8.8,52,17
"		159",부산,2023-11-01,11.8,16.7,25.7,7.9,-0.9,49,9
"		159",부산,2023-12-01,6.4,10.8,20.7,2.7,-8.1,52,19
"		108",서울,2020-01-01,1.6,5.9,11.9,-1.7,-6.5,56,17
"		108",서울,2020-02-01,2.5,7.2,15.6,-1.3,-11.8,58,14
"		108",서울,2020-03-01,7.7,13.3,20.6,2.6,-2.8,46,11
"		108",서울,2020-04-01,11.1,16.6,23.8,6.3,1.9,50,10
"		108",서울,2020-05-01,18,23.3,30,13.7,9.2,67,11
"		108",서울,2020-06-01,23.9,29,35.4,19.9,14.8,68,26
"		108",서울,2020-07-01,24.1,28,32.9,21.1,17.2,77,34
"		108",서울,2020-08-01,26.5,29.3,34.5,24.4,21.5,85,49
"		108",서울,2020-09-01,21.4,25.6,29.5,18,13.6,71,27
"		108",서울,2020-10-01,14.3,19.5,23.6,9.6,3.2,61,20
"		108",서울,2020-11-01,8,12.6,20,4,-3.6,64,18
"		108",서울,2020-12-01,-0.3,3.9,11.4,-4.2,-12.9,58,24
"		108",서울,2021-01-01,-2.4,2.2,13.9,-6.8,-18.6,58,19
"		108",서울,2021-02-01,2.7,7.9,17.4,-2.2,-10.6,56,18
"		108",서울,2021-03-01,9,14.8,22.9,4.3,-1.2,63,19
"		108",서울,2021-04-01,14.2,19.5,28.2,9.5,3.1,54,18
"		108",서울,2021-05-01,17.1,21.9,30.8,12.8,7.3,68,25
"		108",서울,2021-06-01,22.8,27.6,31.6,18.9,13.3,73,36
"		108",서울,2021-07-01,28.1,32.2,36.5,24.6,19.6,71,37
"		108",서울,2021-08-01,25.9,29.7,33.7,22.8,18.1,74,39
"		108",서울,2021-09-01,22.6,26.9,30.3,18.8,16,71,38
"		108",서울,2021-10-01,15.6,20.5,28.8,11.6,1.3,70,25
"		108",서울,2021-11-01,8.2,13.1,21.3,4,-3.7,68,27
"		108",서울,2021-12-01,0.6,5.1,13.3,-3.5,-15.5,62,26
"		108",서울,2022-01-01,-2.2,2.6,8.4,-6.2,-11.3,55,21
"		108",서울,2022-02-01,-1.1,3.8,11.5,-5.3,-10.7,55,21
"		108",서울,2022-03-01,7.7,12.7,19.5,3.2,-3,62,15
"		108",서울,2022-04-01,14.8,20.6,28.7,10,3.5,55,17
"		108",서울,2022-05-01,19.1,25,30.7,13.9,7.9,55,16
"		108",서울,2022-06-01,23.3,27.5,32.7,19.8,14.9,73,18
"		108",서울,2022-07-01,27.3,31,36.1,24.2,20.8,77,46
"		108",서울,2022-08-01,25.7,28.9,32.9,23.1,16.1,80,39
"		108",서울,2022-09-01,22.4,27.2,32.5,18.2,12.3,68,29
"		108",서울,2022-10-01,14.6,19.7,27.6,10.3,4.4,69,25
"		108",서울,2022-11-01,10,15.4,22.1,5.6,-8.1,65,23
"		108",서울,2022-12-01,-2.8,1.7,10.2,-6.6,-13.7,59,21
"		108",서울,2023-01-01,-1.5,3.2,12.5,-5.7,-17.3,63,25
"		108",서울,2023-02-01,2.3,7.3,12.4,-1.9,-5.3,59,21
"		108",서울,2023-03-01,9.8,16.2,25.1,4.2,-1.9,51,13
"		108",서울,2023-04-01,13.8,19,28.4,8.8,3.1,60,14
"		108",서울,2023-05-01,19.5,25,31.2,14.6,7.9,63,21
"		108",서울,2023-06-01,23.4,27.9,34,19.7,16.6,73,28
"		108",서울,2023-07-01,26.7,30.2,34.9,23.9,21.6,81,40
"		108",서울,2023-08-01,27.2,30.8,35.8,24.3,20.8,76,47
"		108",서울,2023-09-01,23.7,27.6,32.8,20.2,15.2,74,33
"		108",서울,2023-10-01,15.8,21,24.6,11.5,5.4,67,26
"		108",서울,2023-11-01,6.8,11.5,25.9,2.9,-7.3,65,22
"		108",서울,2023-12-01,1.1,5.2,16.8,-2.5,-14.7,69,30
"		152",울산,2020-01-01,5.2,9.5,18.4,1.8,-3.9,61,22
"		152",울산,2020-02-01,6,11,19,1.4,-6.8,59,8
"		152",울산,2020-03-01,9.6,14.9,23.6,4.6,-1.5,59,11
"		152",울산,2020-04-01,12.3,18,25.5,7,2.9,55,10
"		152",울산,2020-05-01,18.1,23.3,28.7,13.9,9.2,72,19
"		152",울산,2020-06-01,22.7,27.6,31,18.5,14.8,75,25
"		152",울산,2020-07-01,22.1,25.3,32,19.8,15.6,91,52
"		152",울산,2020-08-01,27.6,31.8,35.5,24.4,22.6,83,46
"		152",울산,2020-09-01,21.1,25,30.2,18,12.3,81,28
"		152",울산,2020-10-01,15.9,20.8,26.1,11.9,7,66,20
"		152",울산,2020-11-01,11,15.9,23.1,6.5,0.2,60,12
"		152",울산,2020-12-01,3.4,8.5,15.6,-0.9,-8.9,47,9
"		152",울산,2021-01-01,2.1,6.8,16.3,-2.6,-12.2,52,8
"		152",울산,2021-02-01,6.5,11.9,23.9,1.6,-7.9,50,9
"		152",울산,2021-03-01,10.5,15.4,21.9,5.9,-0.8,68,8
"		152",울산,2021-04-01,13.8,19,25.7,9.1,3.1,62,15
"		152",울산,2021-05-01,17.8,22.7,30.5,13.1,7.2,68,15
"		152",울산,2021-06-01,21.7,25.8,29.8,18.2,14.1,80,32
"		152",울산,2021-07-01,25.9,29.8,34.2,22.8,19.2,85,48
"		152",울산,2021-08-01,25.3,29.2,33.7,22.5,19.9,87,42
"		152",울산,2021-09-01,22.1,25.6,29.3,19.5,16.5,83,42
"		152",울산,2021-10-01,17.1,22.1,30.5,13,4.1,75,24
"		152",울산,2021-11-01,11.1,16.6,21,6.1,1.4,59,16
"		152",울산,2021-12-01,4.7,9.8,16.6,-0.1,-8.9,49,10
"		152",울산,2022-01-01,2.6,8,12.5,-1.7,-7.8,39,4
"		152",울산,2022-02-01,2.7,7.7,14.9,-1.8,-7.8,37,5
"		152",울산,2022-03-01,9.9,15,22.6,4.9,0,60,8
"		152",울산,2022-04-01,14.7,20.1,27.5,9.8,2.5,59,5
"		152",울산,2022-05-01,19.2,24.9,31.8,13.8,4.9,54,13
"		152",울산,2022-06-01,22.4,26.6,31.5,19.1,12.7,78,28
"		152",울산,2022-07-01,26,30,33.3,22.9,20,83,38
"		152",울산,2022-08-01,26.4,30.2,35.2,23.4,17.1,79,37
"		152",울산,2022-09-01,21.7,25.6,29,18.4,12.5,79,27
"		152",울산,2022-10-01,16,21,29.5,11.8,6.2,67,18
"		152",울산,2022-11-01,12.7,18.3,22.7,7.7,-1.5,58,6
"		152",울산,2022-12-01,2,6.8,13.7,-2.1,-8.8,44,7
"		152",울산,2023-01-01,2.6,7.9,16.9,-2.1,-13.6,45,8
"		152",울산,2023-02-01,5.2,10.4,16.7,0.6,-3.6,53,9
"		152",울산,2023-03-01,11.4,17.2,23.4,6.3,-0.6,54,8
"		152",울산,2023-04-01,14.1,18.8,27.1,9.2,3.8,60,7
"		152",울산,2023-05-01,17.8,22.5,30.7,13.3,6.7,69,15
"		152",울산,2023-06-01,22.3,26.9,31.3,18.4,12.8,74,24
"		152",울산,2023-07-01,25.8,29.8,33.2,22.5,18.6,80,33
"		152",울산,2023-08-01,26.5,30.2,34.9,23.6,21.5,80,45
"		152",울산,2023-09-01,22.9,26.5,30.2,20.2,15.3,80,41
"		152",울산,2023-10-01,16.4,21.9,24.9,11.7,6.3,62,16
"		152",울산,2023-11-01,10.4,16.1,27.6,5.2,-2.6,53,14
"		152",울산,2023-12-01,4.9,9.6,19.7,0.6,-8.2,56,16
"		112",인천,2020-01-01,1.8,5,10.4,-0.8,-5.5,63,27
"		112",인천,2020-02-01,2.5,6.2,14.5,-0.6,-10.6,65,20
"		112",인천,2020-03-01,7.1,11.2,19.9,3.3,-2,57,13
"		112",인천,2020-04-01,10.4,14.3,20.5,7.1,3,57,12
"		112",인천,2020-05-01,16.7,20.7,26.8,13.5,10.6,71,11
"		112",인천,2020-06-01,21.8,25.8,31.7,18.7,13.9,77,34
"		112",인천,2020-07-01,23.2,26.2,30.4,20.8,17.4,80,38
"		112",인천,2020-08-01,25.9,28.1,33.9,24.2,21.8,84,47
"		112",인천,2020-09-01,21.3,24.6,29.9,18.5,15.3,69,22
"		112",인천,2020-10-01,14.8,18.4,22.4,11.1,5.2,58,18
"		112",인천,2020-11-01,8.3,11.8,19.4,5.1,-2.7,62,19
"		112",인천,2020-12-01,0.2,3.6,10.2,-3,-11.9,56,19
"		112",인천,2021-01-01,-2,1.8,12.6,-5.9,-17.5,55,10
"		112",인천,2021-02-01,2.1,6.3,15.5,-2,-9.8,57,10
"		112",인천,2021-03-01,7.7,12.3,19,4.2,-0.5,65,16
"		112",인천,2021-04-01,13.2,17.3,24.8,9.6,4.9,55,9
"		112",인천,2021-05-01,16.2,20.2,28,12.7,7.7,66,19
"		112",인천,2021-06-01,21.6,25.3,29.8,18.6,13.6,69,25
"		112",인천,2021-07-01,27.2,30.4,34.5,24.6,19.6,65,27
"		112",인천,2021-08-01,25.5,28.6,32.5,22.9,18,68,33
"		112",인천,2021-09-01,22.7,26.1,29.4,19.6,16.9,63,27
"		112",인천,2021-10-01,16,19.6,26.9,12.5,1.4,62,18
"		112",인천,2021-11-01,8.8,12.6,21.1,5.3,-3.1,63,16
"		112",인천,2021-12-01,1.3,5.1,10.9,-2.3,-14.3,56,16
"		112",인천,2022-01-01,-2.2,1.7,9.2,-5.6,-10.3,54,26
"		112",인천,2022-02-01,-1.3,2.4,10,-4.5,-9.7,57,24
"		112",인천,2022-03-01,6.7,10.8,17.2,3.3,-1.9,65,20
"		112",인천,2022-04-01,12.9,17.3,25.2,9.4,3.6,61,21
"		112",인천,2022-05-01,17.1,21.4,25.9,13.5,8.3,62,16
"		112",인천,2022-06-01,21.9,25.4,29.2,19.2,14.9,77,26
"		112",인천,2022-07-01,26.2,29.5,35.2,23.8,20,79,47
"		112",인천,2022-08-01,24.9,27.3,31.3,22.7,16.9,82,39
"		112",인천,2022-09-01,22,26,30.7,18.7,13.2,69,30
"		112",인천,2022-10-01,14.4,18.4,23.2,10.9,6,67,25
"		112",인천,2022-11-01,10.2,14.4,21.4,6.5,-7.4,64,24
"		112",인천,2022-12-01,-2.6,0.9,9.8,-6,-12.8,56,22
"		112",인천,2023-01-01,-1.6,2.2,11.7,-5.1,-16.7,62,27
"		112",인천,2023-02-01,1.6,5.4,9.2,-1.6,-5.3,62,22
"		112",인천,2023-03-01,8.1,13,20.9,4,-1.4,57,14
"		112",인천,2023-04-01,12.7,17,24.6,8.8,3.9,61,9
"		112",인천,2023-05-01,18,22.4,26.6,14.5,9.1,67,18
"		112",인천,2023-06-01,21.8,25.4,31.8,19,15.9,77,34
"		112",인천,2023-07-01,25.7,28.4,33.7,23.4,21.3,84,47
"		112",인천,2023-08-01,26.6,29.7,34.6,24.2,20.5,80,52
"		112",인천,2023-09-01,23.5,26.7,31.3,20.8,16.9,75,33
"		112",인천,2023-10-01,16.3,20.1,23.4,12.9,7.3,65,26
"		112",인천,2023-11-01,6.9,10.7,23.2,3.4,-6.5,66,30
"		112",인천,2023-12-01,1.2,4.5,16,-2,-14.2,69,37
"		9",전남,2020-01-01,4.6,8.6,19.6,1.1,-7.3,69,12
"		9",전남,2020-02-01,5.1,10,19.8,0.4,-8.9,70,9
"		9",전남,2020-03-01,8.5,14,23.3,3.1,-8.3,65,1
"		9",전남,2020-04-01,11,16.7,25.6,5.6,-2.4,58,5
"		9",전남,2020-05-01,17.6,22.2,30.1,13.5,4.4,77,12
"		9",전남,2020-06-01,22.4,26.8,33.7,18.7,9.2,81,17
"		9",전남,2020-07-01,22.8,26,31.9,20.6,15.7,89,46
"		9",전남,2020-08-01,27.3,30.9,35.7,24.6,17.9,86,35
"		9",전남,2020-09-01,21.4,25.5,31.3,18,9.4,81,29
"		9",전남,2020-10-01,15.6,21.1,27.3,11,1.6,66,9
"		9",전남,2020-11-01,10.8,15.7,24.3,6.3,-2.7,65,12
"		9",전남,2020-12-01,2.9,8.1,14.8,-1.7,-10.7,64,7
"		9",전남,2021-01-01,1.8,6.8,17.6,-2.7,-17.4,71,14
"		9",전남,2021-02-01,5.3,10.5,23.7,0.6,-7.4,63,8
"		9",전남,2021-03-01,9.9,15.5,25,5,-3.6,71,10
"		9",전남,2021-04-01,13.9,19.3,27.2,8.8,-1.6,60,8
"		9",전남,2021-05-01,17.7,22.7,30.4,12.9,2.6,71,16
"		9",전남,2021-06-01,22.4,26.8,32.8,18.8,9.2,79,26
"		9",전남,2021-07-01,26.4,30.1,35.5,23.3,16.2,82,36
"		9",전남,2021-08-01,26.1,30,36.5,23,18.1,84,33
"		9",전남,2021-09-01,22.7,26.5,32.4,19.7,11.7,81,34
"		9",전남,2021-10-01,17.1,22.5,31,12.7,-1.6,74,18
"		9",전남,2021-11-01,10.4,16.1,23.8,5.7,-4.2,72,19
"		9",전남,2021-12-01,4.2,9.6,17.1,-0.3,-11.9,68,15
"		9",전남,2022-01-01,1.8,6.7,12.9,-2.5,-12.3,60,6
"		9",전남,2022-02-01,2,7,16.5,-2.7,-11.4,56,11
"		9",전남,2022-03-01,8.9,14.6,23.6,3.8,-7.1,69,8
"		9",전남,2022-04-01,14.2,20.4,29.2,8.7,-2.8,65,9
"		9",전남,2022-05-01,18.1,24.1,32.2,12.6,1.2,62,15
"		9",전남,2022-06-01,22.6,26.7,34.1,19.5,9.3,81,13
"		9",전남,2022-07-01,26.5,30.2,35,23.5,19.3,83,39
"		9",전남,2022-08-01,26.5,29.9,34.2,23.6,13.2,85,29
"		9",전남,2022-09-01,22.5,26.9,35,18.9,8.9,77,24
"		9",전남,2022-10-01,15.7,21.2,31,11.1,-0.2,68,18
"		9",전남,2022-11-01,11.7,17.9,24.5,6.5,-3.5,69,11
"		9",전남,2022-12-01,2,6.4,14.3,-2.1,-10.9,65,8
"		9",전남,2023-01-01,2.1,7.3,20.9,-2.5,-16.7,66,11
"		9",전남,2023-02-01,4.1,9.6,16.7,-0.6,-9,63,3
"		9",전남,2023-03-01,10.2,16.7,25.3,4.4,-6.2,62,1
"		9",전남,2023-04-01,13.7,19,29,8.4,-0.7,69,1
"		9",전남,2023-05-01,18.1,22.9,32,13.9,3.6,78,12
"		9",전남,2023-06-01,22.4,26.7,34,19,11.4,81,27
"		9",전남,2023-07-01,25.6,28.9,34.7,23.1,17.4,91,45
"		9",전남,2023-08-01,27.1,31.4,36.6,23.7,18.5,84,42
"		9",전남,2023-09-01,23.9,28.2,33.1,20.7,11.6,83,25
"		9",전남,2023-10-01,16.8,22.3,27.2,12.1,2.8,72,18
"		9",전남,2023-11-01,10.4,15.4,28.3,5.7,-4.8,71,16
"		9",전남,2023-12-01,5.3,9.8,21,1.2,-11.3,77,20
"		8",전북,2020-01-01,2.5,7.3,18.1,-1.4,-10.6,76,16
"		8",전북,2020-02-01,3.2,8.9,19.3,-1.7,-12.9,73,10
"		8",전북,2020-03-01,7.2,13.8,24.3,1.2,-7.1,65,8
"		8",전북,2020-04-01,9.8,16.5,27.1,3.5,-5.3,61,9
"		8",전북,2020-05-01,17.6,23.4,29.5,12.6,3.5,75,12
"		8",전북,2020-06-01,22.5,27.8,35.1,18.3,8.2,80,22
"		8",전북,2020-07-01,22.8,26.4,31.7,20.1,14.5,88,47
"		8",전북,2020-08-01,26.7,31,34.8,23.7,18.7,84,39
"		8",전북,2020-09-01,20.1,25.2,32.4,16.3,5.9,82,30
"		8",전북,2020-10-01,13.6,20.1,26.1,8,-1.3,72,13
"		8",전북,2020-11-01,8.4,14.2,24.2,3.3,-5.2,71,15
"		8",전북,2020-12-01,0.6,6.1,13.9,-3.9,-13.2,69,16
"		8",전북,2021-01-01,-0.8,4.6,15.1,-6,-24.1,73,19
"		8",전북,2021-02-01,3.3,9.3,22.9,-2,-10.5,65,10
"		8",전북,2021-03-01,8.5,15.1,24.7,2.8,-5.2,73,9
"		8",전북,2021-04-01,13.2,19.7,28.6,7.2,-1.8,61,8
"		8",전북,2021-05-01,16.7,22.5,30.8,11.2,0.7,72,11
"		8",전북,2021-06-01,22,27.4,33.6,17.7,10.2,77,22
"		8",전북,2021-07-01,26,30.9,36.3,22.2,16.7,81,36
"		8",전북,2021-08-01,24.9,29.7,35.2,21.5,16.1,84,36
"		8",전북,2021-09-01,21.7,26.3,31,17.9,9.7,79,9
"		8",전북,2021-10-01,15,21.5,31.5,9.9,-2.6,77,17
"		8",전북,2021-11-01,8.2,14.4,23.8,3.4,-5.6,77,15
"		8",전북,2021-12-01,2.1,7.6,15.3,-2.6,-13.3,71,17
"		8",전북,2022-01-01,-0.9,4.7,11.5,-5.9,-14.4,64,9
"		8",전북,2022-02-01,-0.4,5.3,16.3,-5.6,-13.6,61,9
"		8",전북,2022-03-01,7.4,13.8,22.5,1.5,-7.2,69,10
"		8",전북,2022-04-01,13.3,20.3,28.2,7.1,-3.4,64,1
"		8",전북,2022-05-01,17.5,24.3,31.3,10.9,0.4,60,7
"		8",전북,2022-06-01,22.7,27.7,34.5,18.7,9.3,76,16
"		8",전북,2022-07-01,25.9,30.2,35.8,22.4,16.7,81,38
"		8",전북,2022-08-01,25.4,29.2,34.7,22.3,10.6,83,28
"		8",전북,2022-09-01,21.3,26.8,34,16.7,6.3,76,14
"		8",전북,2022-10-01,13.8,20.3,30.5,8.3,-2.8,73,13
"		8",전북,2022-11-01,9.4,16.7,25.1,3.5,-6.3,70,7
"		8",전북,2022-12-01,-1.4,3.8,12.9,-6,-16.8,71,15
"		8",전북,2023-01-01,-0.4,5.2,17.6,-5.7,-18.9,70,12
"		8",전북,2023-02-01,1.9,8.1,15.4,-3.5,-11.1,66,4
"		8",전북,2023-03-01,8.8,16.5,25.8,1.9,-8.6,57,3
"		8",전북,2023-04-01,12.9,19.3,27.9,6.7,-3.2,64,4
"		8",전북,2023-05-01,18.1,24.1,32.2,12.8,2.1,71,10
"		8",전북,2023-06-01,22.4,27.9,35.4,18,11.4,75,15
"		8",전북,2023-07-01,25.7,29.8,35.4,22.7,16.3,85,30
"		8",전북,2023-08-01,26.6,31.4,37,23,17.1,81,36
"		8",전북,2023-09-01,22.7,27.6,33.4,19.1,12.1,82,27
"		8",전북,2023-10-01,14.8,21.3,25.7,9.5,0.3,74,18
"		8",전북,2023-11-01,8.1,13.6,27.1,3,-6.9,72,13
"		8",전북,2023-12-01,3.1,7.8,20.5,-1,-14.2,77,16
"		5",충남,2020-01-01,2.1,7.3,16.4,-2.1,-10.1,72,15
"		5",충남,2020-02-01,2.8,8.7,18.1,-2.4,-13.2,72,15
"		5",충남,2020-03-01,7.2,13.8,23.9,0.7,-6.4,62,9
"		5",충남,2020-04-01,10.2,17.2,26.9,3.3,-3.5,58,6
"		5",충남,2020-05-01,17.6,23.4,29.9,12.5,5.5,74,13
"		5",충남,2020-06-01,22.7,27.9,34.4,18.4,10.9,78,22
"		5",충남,2020-07-01,23.1,26.9,32.5,20.1,15.6,86,40
"		5",충남,2020-08-01,26.6,30.6,35.4,23.7,20.5,86,42
"		5",충남,2020-09-01,20.4,25.5,31.4,16.5,9,81,26
"		5",충남,2020-10-01,13.3,20.1,25.5,7.5,-0.9,72,13
"		5",충남,2020-11-01,7.9,13.9,22.3,2.8,-5.5,71,9
"		5",충남,2020-12-01,0.1,5.7,13.4,-4.6,-16,68,12
"		5",충남,2021-01-01,-1.6,4,15.3,-7,-21.2,70,16
"		5",충남,2021-02-01,3,9,22.6,-2.6,-11.7,63,5
"		5",충남,2021-03-01,8.3,15,24.4,2.3,-4,70,6
"		5",충남,2021-04-01,13.4,19.8,29.9,7.1,-0.7,59,9
"		5",충남,2021-05-01,16.5,22.3,31.8,11.3,2.3,74,16
"		5",충남,2021-06-01,22.2,27.4,33,17.8,11.1,78,23
"		5",충남,2021-07-01,26.7,31.6,36.1,22.6,18.8,80,33
"		5",충남,2021-08-01,25.1,29.6,35.3,21.7,17.8,83,35
"		5",충남,2021-09-01,21.8,26.6,30.8,17.9,12.6,80,36
"		5",충남,2021-10-01,14.9,21.4,31.2,10,-1.4,79,21
"		5",충남,2021-11-01,8.1,14.5,22.3,3,-5.1,78,19
"		5",충남,2021-12-01,1.5,7.3,14.1,-3.4,-14.9,71,17
"		5",충남,2022-01-01,-1.6,4.4,10.2,-7.1,-14.2,63,8
"		5",충남,2022-02-01,-0.6,5.3,14.6,-6.1,-13,59,10
"		5",충남,2022-03-01,7.1,13.4,21.6,1.1,-6.6,68,8
"		5",충남,2022-04-01,13.2,20.3,28.3,6.6,-2.4,62,10
"		5",충남,2022-05-01,17.6,24.4,31.6,11,2,60,13
"		5",충남,2022-06-01,22.9,27.7,35.7,18.7,9.7,75,12
"		5",충남,2022-07-01,26.2,30.6,35.4,22.6,18.8,81,32
"		5",충남,2022-08-01,25.2,28.9,34.3,22,12.6,85,31
"		5",충남,2022-09-01,21.2,27,33.1,16.6,8.5,76,14
"		5",충남,2022-10-01,13.6,20,28.6,8.4,-1.1,75,14
"		5",충남,2022-11-01,9,16.3,25.3,3.2,-5.5,71,11
"		5",충남,2022-12-01,-2.1,3.2,12.8,-6.8,-18.1,70,15
"		5",충남,2023-01-01,-1.2,4.7,15.8,-6.5,-18,69,17
"		5",충남,2023-02-01,1.6,8,14.7,-4,-9.7,63,10
"		5",충남,2023-03-01,8.7,16.4,26.3,1.3,-7.4,53,7
"		5",충남,2023-04-01,13,19.4,28,6.5,-2.2,63,7
"		5",충남,2023-05-01,18.1,24.3,31.4,12.3,3.3,70,14
"		5",충남,2023-06-01,22.6,28,34.6,18,12.3,74,20
"		5",충남,2023-07-01,25.6,29.7,35,22.7,18.3,87,30
"		5",충남,2023-08-01,26.6,31.4,36.2,23,18.5,81,43
"		5",충남,2023-09-01,22.6,27.4,32.5,18.9,12.5,81,29
"		5",충남,2023-10-01,14.5,21.2,25.8,9.3,1.6,76,17
"		5",충남,2023-11-01,7.5,13,26.7,2.5,-7.4,71,14
"		5",충남,2023-12-01,2.2,7,19.8,-2.1,-14.7,77,29
"		4",충북,2020-01-01,1,6.2,13.8,-3.2,-10.5,70,13
"		4",충북,2020-02-01,2,7.8,16.4,-3.2,-14.4,67,5
"		4",충북,2020-03-01,7,13.9,23.4,0,-7.7,56,7
"		4",충북,2020-04-01,10.2,17.3,26.6,2.9,-4.7,50,7
"		4",충북,2020-05-01,17.6,23.6,29.8,12,5,68,16
"		4",충북,2020-06-01,23,28.5,34.4,18.2,10.7,71,19
"		4",충북,2020-07-01,22.7,26.5,32.8,19.4,15.1,82,35
"		4",충북,2020-08-01,25.9,30.3,36,22.7,18.9,84,42
"		4",충북,2020-09-01,19.3,24.6,31.7,15.1,7.2,79,28
"		4",충북,2020-10-01,12.1,19.1,25.2,6.1,-3,71,15
"		4",충북,2020-11-01,6.9,12.9,23.4,1.5,-8,67,9
"		4",충북,2020-12-01,-1.8,4.1,12.1,-6.8,-20.3,64,12
"		4",충북,2021-01-01,-3,2.9,13.5,-8.6,-20.7,64,10
"		4",충북,2021-02-01,2.1,8.4,22.3,-4.1,-12.6,57,8
"		4",충북,2021-03-01,8,14.5,23.8,1.8,-5.2,64,5
"		4",충북,2021-04-01,13,19.4,29.7,6.5,-1.4,53,8
"		4",충북,2021-05-01,16,21.9,31.3,10.4,1.4,70,15
"		4",충북,2021-06-01,21.8,27.3,33.5,17.1,8.5,73,21
"		4",충북,2021-07-01,26,31.2,36.4,21.8,16.3,78,33
"		4",충북,2021-08-01,24.2,28.6,35.5,20.8,15.7,81,42
"		4",충북,2021-09-01,20.7,25.5,30.1,16.4,11.4,79,31
"		4",충북,2021-10-01,13.8,20.2,30.6,8.8,-2.3,78,22
"		4",충북,2021-11-01,6.8,13.3,21.3,1.6,-7.1,73,18
"		4",충북,2021-12-01,0.1,5.7,13.3,-5,-16.5,66,19
"		4",충북,2022-01-01,-2.7,3.2,10.3,-8.4,-16.7,59,12
"		4",충북,2022-02-01,-1.6,4.4,13.3,-7.3,-15.8,52,8
"		4",충북,2022-03-01,6.8,13.1,21.5,0.7,-8.4,63,10
"		4",충북,2022-04-01,13.4,20.8,28.2,6,-3.1,55,10
"		4",충북,2022-05-01,17.7,24.8,31.5,10.5,1.3,54,12
"		4",충북,2022-06-01,22.5,27.9,35.3,17.7,8.7,71,10
"		4",충북,2022-07-01,25.7,30.2,36,22.1,18.8,80,34
"		4",충북,2022-08-01,24.6,28.4,35,21.4,10.8,83,24
"		4",충북,2022-09-01,20.3,26.2,33.4,15.5,6.2,75,13
"		4",충북,2022-10-01,12.8,19.2,27.7,7.3,-2.7,75,12
"		4",충북,2022-11-01,7.9,15.2,24.6,1.8,-7.3,69,13
"		4",충북,2022-12-01,-3.9,1.5,10.9,-8.9,-19.8,67,20
"		4",충북,2023-01-01,-2.5,3.4,14.3,-7.9,-20.2,66,16
"		4",충북,2023-02-01,1.3,7.4,14.4,-4.4,-11.3,60,13
"		4",충북,2023-03-01,8.8,16.6,26,1,-7.6,50,9
"		4",충북,2023-04-01,12.7,19.1,27.9,5.9,-2.7,59,7
"		4",충북,2023-05-01,18,24.2,32.3,11.6,1.2,64,15
"		4",충북,2023-06-01,22.5,28,34.3,17.7,10.8,71,20
"		4",충북,2023-07-01,25.4,29.8,35.3,22.1,17.1,84,34
"		4",충북,2023-08-01,26.2,30.9,36.4,22.5,16.9,80,40
"		4",충북,2023-09-01,22,26.8,32.9,18.2,11.5,81,33
"		4",충북,2023-10-01,13.4,20.2,24.5,7.7,-0.9,75,22
"		4",충북,2023-11-01,6.3,12.2,26.7,0.9,-9.2,67,9
"		4",충북,2023-12-01,0.7,5.7,19.6,-3.9,-16.2,72,4
"		184",제주,2020-01-01,8.9,11,23.6,7,2.4,66,39
"		184",제주,2020-02-01,9.1,12.3,21.8,6.1,0.5,66,37
"		184",제주,2020-03-01,11.5,15.1,23.2,7.9,2.5,63,17
"		184",제주,2020-04-01,13.2,16.9,24.8,9.8,6,56,16
"		184",제주,2020-05-01,18.8,23.4,29.5,15.6,13.2,74,25
"		184",제주,2020-06-01,22.4,26.1,30.9,19.8,15,83,42
"		184",제주,2020-07-01,24.2,27.3,34.3,21.8,19.2,85,48
"		184",제주,2020-08-01,29.4,32.8,36.3,26.8,24.3,74,34
"		184",제주,2020-09-01,22.9,25.6,30.7,20.6,16.8,76,31
"		184",제주,2020-10-01,18.4,21.2,25.5,16,12.1,61,30
"		184",제주,2020-11-01,14.1,17.3,26.7,11.2,7.6,65,28
"		184",제주,2020-12-01,7.7,10.4,15,5,-1.4,61,29
"		184",제주,2021-01-01,6.8,9.8,18.2,3.9,-3.1,65,37
"		184",제주,2021-02-01,9.4,12.8,23.7,6.4,-1.2,62,22
"		184",제주,2021-03-01,12.5,16.1,21.9,9.3,4.8,68,14
"		184",제주,2021-04-01,15.4,19.2,25.9,12.2,8.2,63,12
"		184",제주,2021-05-01,19,23.5,30.9,15.6,9.4,68,13
"		184",제주,2021-06-01,23.4,27,31.5,20.8,18.4,75,28
"		184",제주,2021-07-01,27.8,31.1,34.2,25.5,22.7,78,45
"		184",제주,2021-08-01,27.3,30.3,33.8,25,22.2,79,49
"		184",제주,2021-09-01,24.9,28,33.3,22.5,19,84,54
"		184",제주,2021-10-01,20.1,23.8,31.8,17.1,9,73,39
"		184",제주,2021-11-01,14,18.1,23.2,10.9,7,66,36
"		184",제주,2021-12-01,8.9,12.2,17.4,6.3,-0.5,67,30
"		184",제주,2022-01-01,6.2,9.1,14.4,3.9,0.3,68,25
"		184",제주,2022-02-01,5.6,8.7,16.2,2.9,0,62,24
"		184",제주,2022-03-01,11.4,15.5,22.3,7.8,4.5,70,18
"		184",제주,2022-04-01,15.5,19.6,26.7,11.9,5.6,70,25
"		184",제주,2022-05-01,19.4,23.1,29,15.8,9.5,65,20
"		184",제주,2022-06-01,23.9,27.5,34.4,21.1,17.3,81,47
"		184",제주,2022-07-01,28.4,31.8,36,25.7,23.2,80,49
"		184",제주,2022-08-01,29.2,32.8,37.5,26.2,21.2,75,42
"		184",제주,2022-09-01,24.1,26.9,32.8,21.9,17.2,79,25
"		184",제주,2022-10-01,18.4,21.7,30.6,15.5,11.5,69,39
"		184",제주,2022-11-01,15.2,19.3,27.4,11.8,4.1,71,26
"		184",제주,2022-12-01,6.9,9.4,14.6,4.5,-0.4,66,28
"		184",제주,2023-01-01,6.8,10.4,20.7,3.8,-3.4,68,32
"		184",제주,2023-02-01,7.7,11.1,16.4,4.8,1.1,71,34
"		184",제주,2023-03-01,12.3,16.4,22.4,8.5,2.4,66,26
"		184",제주,2023-04-01,15.5,19.4,28.6,11.8,7.4,69,14
"		184",제주,2023-05-01,19.1,23.1,29.9,16,11.4,77,28
"		184",제주,2023-06-01,23.4,26.7,31.4,20.4,15.8,76,29
"		184",제주,2023-07-01,28.1,31.4,37.3,25.6,21.8,75,39
"		184",제주,2023-08-01,28.8,32,34.8,26.3,21.6,73,43
"		184",제주,2023-09-01,25.5,28.4,33.3,23,18.2,71,46
"		184",제주,2023-10-01,19.4,23.1,26.1,16.4,13.3,60,28
"		184",제주,2023-11-01,13.7,17.4,28.4,10.4,4.6,60,19
"		184",제주,2023-12-01,9.4,12.9,23.1,6.6,-0.6,66,29
"		239",세종,2020-01-01,2.1,7.1,14.3,-1.7,-8.6,65,17
"		239",세종,2020-02-01,2.9,8.3,15.4,-1.9,-10.9,65,15
"		239",세종,2020-03-01,7.8,14.3,21.9,1.7,-4.4,52,9
"		239",세종,2020-04-01,10.8,17.9,25.9,4.3,-0.8,48,6
"		239",세종,2020-05-01,18.2,24,29.1,13,7.5,67,15
"		239",세종,2020-06-01,23.2,28.5,33.4,18.9,13.5,72,25
"		239",세종,2020-07-01,23.2,27.1,30.6,20.1,17.1,82,40
"		239",세종,2020-08-01,26.8,31,34.8,23.9,22.2,83,42
"		239",세종,2020-09-01,20.5,25.4,30.9,16.8,12.2,75,29
"		239",세종,2020-10-01,13.4,19.8,24.6,8.2,1.8,67,19
"		239",세종,2020-11-01,8,13.4,22,3.3,-3.2,64,9
"		239",세종,2020-12-01,-0.1,5,12.2,-4.3,-13.8,60,12
"		239",세종,2021-01-01,-1.7,3.3,13.4,-6.6,-19.1,62,18
"		239",세종,2021-02-01,3.2,9,22,-2.2,-9.7,53,5
"		239",세종,2021-03-01,8.8,15.1,23.3,3.2,-2.3,61,6
"		239",세종,2021-04-01,13.9,20.1,29.8,8.1,0.7,51,9
"		239",세종,2021-05-01,16.8,22.4,30.5,11.7,5.3,67,16
"		239",세종,2021-06-01,22.6,27.8,32.2,18.2,12.3,71,28
"		239",세종,2021-07-01,26.9,31.7,34.8,23,19.9,73,35
"		239",세종,2021-08-01,25.1,29.5,34.5,21.8,18.6,77,35
"		239",세종,2021-09-01,21.8,26.4,29.4,18.2,14.4,75,40
"		239",세종,2021-10-01,15,21,29.8,10.3,0.7,75,22
"		239",세종,2021-11-01,8.2,14.3,20.9,3.3,-2.4,71,19
"		239",세종,2021-12-01,1.2,6.4,12.8,-3.4,-14,66,20
"		239",세종,2022-01-01,-1.4,4.2,9.6,-6.6,-11.5,55,10
"		239",세종,2022-02-01,-0.4,5.2,13,-5.6,-10.4,50,13
"		239",세종,2022-03-01,7.7,13.9,21.1,1.9,-4.4,60,8
"		239",세종,2022-04-01,14.2,21.6,27.6,7.7,-0.5,55,11
"		239",세종,2022-05-01,18.4,25.3,30,11.7,4.3,52,16
"		239",세종,2022-06-01,23.3,28.7,35.1,19,12.6,69,12
"		239",세종,2022-07-01,26.4,30.9,34.6,22.9,20.3,79,44
"		239",세종,2022-08-01,25.3,29.2,33.4,22.3,14.7,82,34
"		239",세종,2022-09-01,21.8,27.2,32.7,17.3,10.6,70,26
"		239",세종,2022-10-01,13.9,20,28.1,9,1.4,70,17
"		239",세종,2022-11-01,9.4,16.1,24.3,3.9,-5.2,65,12
"		239",세종,2022-12-01,-2.4,2.6,11.5,-6.7,-13.8,64,16
"		239",세종,2023-01-01,-1.2,4.4,13.2,-6.1,-17.5,63,19
"		239",세종,2023-02-01,2,8.1,13.7,-3.2,-7.5,61,16
"		239",세종,2023-03-01,9.6,17.1,25,2.6,-5.6,48,10
"		239",세종,2023-04-01,13.3,19.4,27.4,7.3,0.1,59,11
"		239",세종,2023-05-01,18.5,24.4,30.2,12.8,5.2,66,17
"		239",세종,2023-06-01,23.1,28.5,33.3,18.3,14.6,71,24
"		239",세종,2023-07-01,25.6,29.9,34.5,22.7,19.2,85,46
"		239",세종,2023-08-01,26.7,31.6,35.9,23.1,19.8,80,48
"		239",세종,2023-09-01,22.7,27.4,32.1,19.2,14.2,81,34
"		239",세종,2023-10-01,14.8,21.2,24.2,9.9,3.7,74,28
"		239",세종,2023-11-01,7.6,13,25.9,2.8,-5.6,68,18
"		239",세종,2023-12-01,2.3,6.7,19.2,-1.6,-13,75,35
