개최기간,"광역
단체명",확진자,평균 기온,평균 습도,장소
Apr-24,8,183,11.1,50,1
Aug-24,8,"2,268",26.5,85,1
Aug-24,8,"2,268",26.5,85,1
Sep-24,8,"1,425",21.4,71,1
Sep-24,8,"1,425",21.4,71,1
Oct-24,8,718,14.3,61,1
Oct-24,8,718,14.3,61,1
Oct-24,8,718,14.3,61,1
Nov-24,8,"2,800",8,64,1
Nov-24,8,"2,800",8,64,1
Apr-24,2,955,14,58,1
Apr-24,2,955,14,58,1
Apr-24,14,82,15.4,63,1
May-24,8,"6,077",17.1,68,1
May-24,13,289,16.7,72,0
May-24,13,289,16.7,72,1
Jun-24,0,374,20.45,77,1
Jun-24,0,374,20.45,77,1
Jun-24,2,548,22,77,1
Jul-24,1,"11,720",27,76,1
Aug-24,1,"15,297",25.1,79,1
Aug-24,8,"14,999",25.9,74,1
Aug-24,8,"14,999",25.9,74,1
Sep-24,1,"19,045",21.9,75,1
Sep-24,1,"19,045",21.9,75,1
Sep-24,6,"1,338",22.4,81,1
Sep-24,16,"1,192",20.7,79,0
Oct-24,0,762,13.55,76,1
Oct-24,0,762,13.55,76,1
Oct-24,0,762,13.55,76,1
Oct-24,0,762,13.55,76,1
Oct-24,1,"18,331",15,74,1
Oct-24,1,"18,331",15,74,1
Oct-24,1,"18,331",15,74,1
Oct-24,4,382,17.2,77,1
Oct-24,6,547,15.7,79,0
Oct-24,6,547,15.7,79,1
Oct-24,6,547,15.7,79,1
Oct-24,8,"19,095",15.6,70,1
Oct-24,8,"19,095",15.6,70,1
Oct-24,10,256,17.1,75,1
Oct-24,10,256,17.1,75,1
Oct-24,11,"3,571",16,62,1
Oct-24,12,459,17.1,74,1
Oct-24,14,225,20.1,73,1
Oct-24,16,"1,556",13.8,78,1
Nov-24,3,"1,559",8.2,67,1
Nov-24,6,"1,023",8.9,76,1
Nov-24,8,"34,661",8.2,68,1
Nov-24,8,"34,661",8.2,68,1
Nov-24,13,"1,145",8.2,77,1
Nov-24,14,604,14,66,1
Nov-24,14,604,14,66,1
Jan-24,0,"3,575",-3,57,1
Jan-24,16,"3,783",-2.7,59,0
Feb-24,2,"112,330",2.1,43,1
Feb-24,2,"112,330",2.1,43,1
Feb-24,10,"40,568",2.7,37,1
Mar-24,1,"2,696,470",7,66,1
Mar-24,1,"2,696,470",7,66,1
Mar-24,2,"643,621",9.4,62,1
Mar-24,7,"697,919",10.5,65,1
Mar-24,12,"311,431",8.9,69,0
Mar-24,12,"311,431",8.9,69,1
Mar-24,12,"311,431",8.9,69,1
Mar-24,12,"311,431",8.9,69,1
Apr-24,1,"1,082,456",13.6,60,1
Apr-24,1,"1,082,456",13.6,60,1
Apr-24,1,"1,082,456",13.6,60,1
Apr-24,1,"1,082,456",13.6,60,1
Apr-24,1,"1,082,456",13.6,60,1
Apr-24,1,"1,082,456",13.6,60,1
Apr-24,2,"248,148",14.6,61,1
Apr-24,2,"248,148",14.6,61,1
Apr-24,2,"248,148",14.6,61,1
Apr-24,2,"248,148",14.6,61,1
Apr-24,2,"248,148",14.6,61,1
Apr-24,2,"248,148",14.6,61,1
Apr-24,2,"248,148",14.6,61,1
Apr-24,2,"248,148",14.6,61,1
Apr-24,2,"248,148",14.6,61,1
Apr-24,3,"220,034",14.2,56,1
Apr-24,3,"220,034",14.2,56,1
Apr-24,8,"722,213",14.8,55,1
Apr-24,8,"722,213",14.8,55,1
Apr-24,11,"215,795",12.9,61,1
Apr-24,12,"184,880",14.2,65,1
Apr-24,12,"184,880",14.2,65,1
Apr-24,12,"184,880",14.2,65,1
Apr-24,12,"184,880",14.2,65,1
Apr-24,12,"184,880",14.2,65,1
Apr-24,12,"184,880",14.2,65,1
Apr-24,12,"184,880",14.2,65,1
Apr-24,12,"184,880",14.2,65,1
Apr-24,12,"184,880",14.2,65,1
Apr-24,12,"184,880",14.2,65,1
Apr-24,12,"184,880",14.2,65,1
Apr-24,12,"184,880",14.2,65,1
Apr-24,13,"166,685",13.3,64,1
Apr-24,14,"58,112",15.5,70,1
Apr-24,14,"58,112",15.5,70,1
Apr-24,15,"195,221",13.2,62,1
Apr-24,15,"195,221",13.2,62,1
Apr-24,15,"195,221",13.2,62,1
Apr-24,15,"195,221",13.2,62,1
Apr-24,15,"195,221",13.2,62,1
May-24,0,"34,054",17.3,55,1
May-24,0,"34,054",17.3,55,1
May-24,0,"34,054",17.3,55,1
May-24,1,"204,343",17.9,61,1
May-24,1,"204,343",17.9,61,1
May-24,1,"204,343",17.9,61,1
May-24,1,"204,343",17.9,61,1
May-24,1,"204,343",17.9,61,1
May-24,1,"204,343",17.9,61,1
May-24,2,"55,990",19,56,1
May-24,2,"55,990",19,56,1
May-24,2,"55,990",19,56,1
May-24,2,"55,990",19,56,1
May-24,2,"55,990",19,56,1
May-24,2,"55,990",19,56,1
May-24,2,"55,990",19,56,1
May-24,3,"61,152",18.6,53,1
May-24,5,"48,894",20.7,50,1
May-24,5,"48,894",20.7,50,1
May-24,11,"39,623",17.1,62,1
May-24,12,"37,349",18.1,62,1
May-24,12,"37,349",18.1,62,1
May-24,12,"37,349",18.1,62,1
May-24,12,"37,349",18.1,62,1
May-24,12,"37,349",18.1,62,1
May-24,12,"37,349",18.1,62,1
May-24,12,"37,349",18.1,62,1
May-24,13,"36,426",17.5,60,1
May-24,14,"12,560",19.4,65,1
May-24,14,"12,560",19.4,65,1
May-24,15,"39,307",17.6,60,1
May-24,15,"39,307",17.6,60,1
May-24,16,"31,545",17.7,54,1
May-24,16,"31,545",17.7,54,1
Jun-24,0,"10,701",21.15,75.5,1
Jun-24,0,"10,701",21.15,75.5,1
Jun-24,0,"10,701",21.15,75.5,0
Jun-24,0,"10,701",21.15,75.5,1
Jun-24,0,"10,701",21.15,75.5,1
Jun-24,1,"61,864",22.5,76,1
Jun-24,1,"61,864",22.5,76,1
Jun-24,1,"61,864",22.5,76,1
Jun-24,1,"61,864",22.5,76,1
Jun-24,2,"15,316",22.4,77,1
Jun-24,2,"15,316",22.4,77,1
Jun-24,2,"15,316",22.4,77,1
Jun-24,2,"15,316",22.4,77,1
Jun-24,2,"15,316",22.4,77,1
Jun-24,2,"15,316",22.4,77,1
Jun-24,7,"14,133",21.7,84,1
Jun-24,10,"8,102",22.4,78,1
Jun-24,10,"8,102",22.4,78,1
Jun-24,10,"8,102",22.4,78,1
Jun-24,13,"7,934",22.7,76,1
Jun-24,14,"4,145",23.9,81,1
Jun-24,15,"10,027",22.9,75,1
Jul-24,0,"41,384",24.65,83,1
Jul-24,1,"388,122",26.4,81,1
Jul-24,1,"388,122",26.4,81,1
Jul-24,1,"388,122",26.4,81,1
Jul-24,2,"75,462",26.4,80,1
Jul-24,2,"75,462",26.4,80,1
Jul-24,2,"75,462",26.4,80,1
Jul-24,2,"75,462",26.4,80,1
Jul-24,2,"75,462",26.4,80,0
Jul-24,2,"75,462",26.4,80,0
Jul-24,2,"75,462",26.4,80,1
Jul-24,3,"60,698",25.7,81,1
Jul-24,8,"311,555",27.3,77,1
Jul-24,10,"38,341",26,83,1
Jul-24,12,"34,859",26.5,83,1
Jul-24,12,"34,859",26.5,83,1
Jul-24,12,"34,859",26.5,83,1
Jul-24,12,"34,859",26.5,83,1
Jul-24,14,"30,800",28.4,80,1
Jul-24,14,"30,800",28.4,80,1
Jul-24,14,"30,800",28.4,80,1
Jul-24,14,"30,800",28.4,80,1
Jul-24,14,"30,800",28.4,80,1
Jul-24,14,"30,800",28.4,80,1
Jul-24,15,"55,686",26.2,81,1
Jul-24,15,"55,686",26.2,81,1
Jul-24,16,"42,555",25.7,80,1
Jul-24,16,"42,555",25.7,80,1
Jul-24,16,"42,555",25.7,80,1
Aug-24,0,"111,505",24.05,81.5,1
Aug-24,0,"111,505",24.05,81.5,1
Aug-24,1,"870,183",25,85,1
Aug-24,1,"870,183",25,85,1
Aug-24,1,"870,183",25,85,1
Aug-24,2,"221,631",26.1,81,1
Aug-24,2,"221,631",26.1,81,1
Aug-24,2,"221,631",26.1,81,1
Aug-24,2,"221,631",26.1,81,1
Aug-24,2,"221,631",26.1,81,1
Aug-24,2,"221,631",26.1,81,1
Aug-24,2,"221,631",26.1,81,1
Aug-24,10,"82,155",26.4,79,1
Aug-24,10,"82,155",26.4,79,1
Aug-24,12,"136,795",26.5,85,1
Aug-24,12,"136,795",26.5,85,1
Aug-24,12,"136,795",26.5,85,1
Aug-24,12,"136,795",26.5,85,1
Aug-24,13,"134,889",25.4,83,1
Aug-24,13,"134,889",25.4,83,1
Aug-24,14,"51,117",29.2,75,1
Aug-24,14,"51,117",29.2,75,1
Aug-24,14,"51,117",29.2,75,1
Aug-24,14,"51,117",29.2,75,1
Sep-24,0,"48,205",19.25,77,1
Sep-24,0,"48,205",19.25,77,1
Sep-24,0,"48,205",19.25,77,1
Sep-24,0,"48,205",19.25,77,0
Sep-24,0,"48,205",19.25,77,1
Sep-24,1,"409,687",21.3,74,1
Sep-24,1,"409,687",21.3,74,1
Sep-24,1,"409,687",21.3,74,1
Sep-24,1,"409,687",21.3,74,1
Sep-24,1,"409,687",21.3,74,1
Sep-24,1,"409,687",21.3,74,1
Sep-24,1,"409,687",21.3,74,1
Sep-24,1,"409,687",21.3,74,1
Sep-24,1,"409,687",21.3,74,1
Sep-24,1,"409,687",21.3,74,1
Sep-24,1,"409,687",21.3,74,1
Sep-24,1,"409,687",21.3,74,1
Sep-24,1,"409,687",21.3,74,1
Sep-24,1,"409,687",21.3,74,1
Sep-24,1,"409,687",21.3,74,1
Sep-24,2,"94,535",21.8,76,1
Sep-24,2,"94,535",21.8,76,1
Sep-24,2,"94,535",21.8,76,1
Sep-24,2,"94,535",21.8,76,1
Sep-24,2,"94,535",21.8,76,1
Sep-24,3,"83,722",20.3,79,1
Sep-24,3,"83,722",20.3,79,1
Sep-24,3,"83,722",20.3,79,1
Sep-24,6,"47,603",21.8,69,1
Sep-24,7,"73,921",22.9,76,1
Sep-24,8,"269,968",22.4,68,1
Sep-24,8,"269,968",22.4,68,1
Sep-24,8,"269,968",22.4,68,1
Sep-24,8,"269,968",22.4,68,1
Sep-24,10,"26,348",21.7,79,1
Sep-24,10,"26,348",21.7,79,0
Sep-24,11,"90,100",22,69,1
Sep-24,12,"49,724",22.5,77,1
Sep-24,12,"49,724",22.5,77,1
Sep-24,12,"49,724",22.5,77,1
Sep-24,12,"49,724",22.5,77,1
Sep-24,12,"49,724",22.5,77,1
Sep-24,13,"55,505",21.3,76,1
Sep-24,14,"12,741",24.1,79,1
Sep-24,14,"12,741",24.1,79,1
Sep-24,14,"12,741",24.1,79,1
Sep-24,15,"66,590",21.2,76,1
Sep-24,15,"66,590",21.2,76,1
Sep-24,16,"53,556",20.3,75,1
Oct-24,0,"28,704",12.2,75.5,0
Oct-24,0,"28,704",12.2,75.5,0
Oct-24,0,"28,704",12.2,75.5,1
Oct-24,0,"28,704",12.2,75.5,1
Oct-24,0,"28,704",12.2,75.5,1
Oct-24,0,"28,704",12.2,75.5,1
Oct-24,0,"28,704",12.2,75.5,1
Oct-24,0,"28,704",12.2,75.5,1
Oct-24,0,"28,704",12.2,75.5,1
Oct-24,0,"28,704",12.2,75.5,1
Oct-24,0,"28,704",12.2,75.5,1
Oct-24,1,"227,133",13.7,73,1
Oct-24,1,"227,133",13.7,73,1
Oct-24,1,"227,133",13.7,73,1
Oct-24,1,"227,133",13.7,73,1
Oct-24,1,"227,133",13.7,73,1
Oct-24,1,"227,133",13.7,73,1
Oct-24,1,"227,133",13.7,73,1
Oct-24,1,"227,133",13.7,73,1
Oct-24,1,"227,133",13.7,73,1
Oct-24,1,"227,133",13.7,73,1
Oct-24,1,"227,133",13.7,73,1
Oct-24,1,"227,133",13.7,73,1
Oct-24,1,"227,133",13.7,73,1
Oct-24,1,"227,133",13.7,73,1
Oct-24,1,"227,133",13.7,73,1
Oct-24,1,"227,133",13.7,73,1
Oct-24,1,"227,133",13.7,73,1
Oct-24,1,"227,133",13.7,73,1
Oct-24,1,"227,133",13.7,73,1
Oct-24,1,"227,133",13.7,73,1
Oct-24,1,"227,133",13.7,73,1
Oct-24,1,"227,133",13.7,73,1
Oct-24,1,"227,133",13.7,73,1
Oct-24,1,"227,133",13.7,73,1
Oct-24,1,"227,133",13.7,73,1
Oct-24,2,"39,301",15.6,69,1
Oct-24,2,"39,301",15.6,69,1
Oct-24,2,"39,301",15.6,69,1
Oct-24,2,"39,301",15.6,69,1
Oct-24,2,"39,301",15.6,69,1
Oct-24,2,"39,301",15.6,69,1
Oct-24,2,"39,301",15.6,69,1
Oct-24,2,"39,301",15.6,69,1
Oct-24,2,"39,301",15.6,69,1
Oct-24,2,"39,301",15.6,69,0
Oct-24,2,"39,301",15.6,69,1
Oct-24,2,"39,301",15.6,69,1
Oct-24,2,"39,301",15.6,69,1
Oct-24,2,"39,301",15.6,69,1
Oct-24,2,"39,301",15.6,69,1
Oct-24,2,"39,301",15.6,69,1
Oct-24,2,"39,301",15.6,69,1
Oct-24,2,"39,301",15.6,69,1
Oct-24,3,"43,326",13.8,74,1
Oct-24,3,"43,326",13.8,74,1
Oct-24,3,"43,326",13.8,74,1
Oct-24,3,"43,326",13.8,74,1
Oct-24,3,"43,326",13.8,74,1
Oct-24,3,"43,326",13.8,74,1
Oct-24,5,"37,098",15.5,72,1
Oct-24,5,"37,098",15.5,72,1
Oct-24,6,"23,115",14.3,68,1
Oct-24,7,"37,254",17.6,64,1
Oct-24,7,"37,254",17.6,64,1
Oct-24,7,"37,254",17.6,64,1
Oct-24,8,"159,698",14.6,69,1
Oct-24,8,"159,698",14.6,69,1
Oct-24,8,"6,612",13.9,70,1
Oct-24,9,"6,612",13.9,70,1
Oct-24,9,"6,612",13.9,70,1
Oct-24,10,"15,036",16,67,1
Oct-24,10,"15,036",16,67,1
Oct-24,10,"15,036",16,67,1
Oct-24,10,"15,036",16,67,1
Oct-24,11,"48,311",14.4,67,1
Oct-24,11,"48,311",14.4,67,1
Oct-24,11,"48,311",14.4,67,1
Oct-24,12,"19,744",15.7,68,1
Oct-24,12,"19,744",15.7,68,1
Oct-24,12,"19,744",15.7,68,1
Oct-24,12,"19,744",15.7,68,1
Oct-24,12,"19,744",15.7,68,1
Oct-24,12,"19,744",15.7,68,1
Oct-24,12,"19,744",15.7,68,1
Oct-24,12,"19,744",15.7,68,1
Oct-24,12,"19,744",15.7,68,1
Oct-24,12,"19,744",15.7,68,1
Oct-24,12,"19,744",15.7,68,1
Oct-24,12,"19,744",15.7,68,1
Oct-24,12,"19,744",15.7,68,1
Oct-24,12,"19,744",15.7,68,1
Oct-24,13,"23,181",13.8,73,1
Oct-24,13,"23,181",13.8,73,1
Oct-24,13,"23,181",13.8,73,1
Oct-24,14,"5,428",18.4,69,1
Oct-24,14,"5,428",18.4,69,1
Oct-24,14,"5,428",18.4,69,1
Oct-24,14,"5,428",18.4,69,1
Oct-24,14,"5,428",18.4,69,1
Oct-24,14,"5,428",18.4,69,1
Oct-24,14,"5,428",18.4,69,1
Oct-24,14,"5,428",18.4,69,1
Oct-24,15,"29,914",13.6,75,1
Oct-24,15,"29,914",13.6,75,1
Oct-24,15,"29,914",13.6,75,1
Oct-24,15,"29,914",13.6,75,1
Oct-24,15,"29,914",13.6,75,1
Oct-24,16,"25,425",12.8,75,1
Oct-24,16,"25,425",12.8,75,1
Nov-24,0,"52,116",8.4,65,1
Nov-24,1,"440,644",9,70,1
Nov-24,1,"440,644",9,70,1
Nov-24,2,"77,487",11.3,64,1
Nov-24,2,"77,487",11.3,64,1
Nov-24,3,"76,720",9.5,66,1
Nov-24,8,"306,495",10,65,1
Nov-24,11,"92,174",10.2,64,1
Nov-24,12,"40,271",11.7,69,1
Nov-24,12,"40,271",11.7,69,1
Nov-24,12,"40,271",11.7,69,1
Nov-24,13,"47,877",9.4,70,1
Nov-24,13,"47,877",9.4,70,1
Nov-24,14,"9,611",15.2,71,1
Nov-24,15,"64,109",9,71,1
Dec-24,0,"52,714",-3.5,54.5,1
Dec-24,1,"545,905",-3.6,64,1
Dec-24,1,"545,905",-3.6,64,1
Dec-24,2,"120,859",1.3,54,1
Dec-24,2,"120,859",1.3,54,1
Dec-24,2,"120,859",1.3,54,1
Dec-24,2,"120,859",1.3,54,1
Dec-24,2,"120,859",1.3,54,1
Dec-24,10,"42,309",2,44,1
Dec-24,11,"118,526",-2.6,56,1
Dec-24,12,"64,013",2,65,1
Dec-24,12,"64,013",2,65,1
Dec-24,12,"64,013",2,65,1
Jan-24,0,28995,-2.6,58.5,1
Jan-24,0,28995,-2.6,58.5,1
Jan-24,0,28995,-2.6,58.5,1
Jan-24,0,28995,-2.6,58.5,1
Jan-24,2,74991,1.7,55,1
Jan-24,3,52198,-0.3,57,1
Jan-24,12,38708,2.1,66,0
Jan-24,13,37528,-0.4,70,1
Jan-24,13,37528,-0.4,70,1
Jan-24,14,13980,6.8,68,1
Jan-24,15,47595,-1.2,69,1
Jan-24,15,47595,-1.2,69,1
Jan-24,16,33411,-2.5,66,1
Feb-24,0,8686,0.9,59.5,1
Feb-24,0,8686,0.9,59.5,1
Feb-24,2,24247,4.6,56,1
Feb-24,2,24247,4.6,56,1
Feb-24,2,24247,4.6,56,1
Feb-24,3,19282,3,57,1
Feb-24,3,19282,3,57,1
Feb-24,3,19282,3,57,1
Feb-24,3,19282,3,57,1
Feb-24,4,10253,4.2,55,1
Feb-24,7,23775,6.8,56,1
Feb-24,7,23775,6.8,56,1
Feb-24,12,12272,4.1,63,1
Feb-24,13,12599,1.9,66,1
Feb-24,13,12599,1.9,66,1
Mar-24,0,7628,8.2,52.5,1
Mar-24,1,86394,8.6,54,1
Mar-24,1,86394,8.6,54,1
Mar-24,2,14505,10.8,59,1
Mar-24,2,14505,10.8,59,1
Mar-24,2,14505,10.8,59,1
Mar-24,2,14505,10.8,59,1
Mar-24,2,14505,10.8,59,1
Mar-24,2,14505,10.8,59,1
Mar-24,2,14505,10.8,59,1
Mar-24,2,14505,10.8,59,1
Mar-24,2,14505,10.8,59,1
Mar-24,2,14505,10.8,59,1
Mar-24,3,15374,10,53,1
Mar-24,3,15374,10,53,1
Mar-24,3,15374,10,53,1
Mar-24,3,15374,10,53,1
Mar-24,4,8596,11.2,47,1
Mar-24,7,13007,12.3,62,1
Mar-24,7,13007,12.3,62,1
Mar-24,7,13007,12.3,62,1
Mar-24,7,13007,12.3,62,1
Mar-24,8,64597,9.8,51,1
Mar-24,8,64597,9.8,51,1
Mar-24,8,64597,9.8,51,1
Mar-24,8,64597,9.8,51,1
Mar-24,9,3186,9.6,48,1
Mar-24,10,4124,11.4,54,1
Mar-24,10,4124,11.4,54,1
Mar-24,12,9133,10.2,62,1
Mar-24,12,9133,10.2,62,1
Mar-24,12,9133,10.2,62,1
Mar-24,12,9133,10.2,62,1
Mar-24,12,9133,10.2,62,1
Mar-24,12,9133,10.2,62,1
Mar-24,12,9133,10.2,62,1
Mar-24,12,9133,10.2,62,1
Mar-24,12,9133,10.2,62,1
Mar-24,12,9133,10.2,62,1
Mar-24,13,12490,8.8,57,1
Mar-24,13,12490,8.8,57,1
Mar-24,14,5860,12.3,66,1
Mar-24,14,5860,12.3,66,1
Mar-24,14,5860,12.3,66,1
Mar-24,14,5860,12.3,66,1
Mar-24,15,12159,8.7,53,1
Mar-24,15,12159,8.7,53,1
Mar-24,15,12159,8.7,53,1
Mar-24,15,12159,8.7,53,1
Mar-24,16,10448,8.8,50,1
Apr-24,0,9056,12.1,58.5,1
Apr-24,0,9056,12.1,58.5,1
Apr-24,0,9056,12.1,58.5,1
Apr-24,0,9056,12.1,58.5,1
Apr-24,0,9056,12.1,58.5,1
Apr-24,0,9056,12.1,58.5,1
Apr-24,0,9056,12.1,58.5,1
Apr-24,0,9056,12.1,58.5,1
Apr-24,0,9056,12.1,58.5,1
Apr-24,1,103728,13,62,1
Apr-24,1,103728,13,62,1
Apr-24,1,103728,13,62,1
Apr-24,1,103728,13,62,1
Apr-24,1,103728,13,62,1
Apr-24,1,103728,13,62,1
Apr-24,1,103728,13,62,1
Apr-24,1,103728,13,62,1
Apr-24,1,103728,13,62,1
Apr-24,1,103728,13,62,1
Apr-24,2,12499,13.9,63,1
Apr-24,2,12499,13.9,63,1
Apr-24,2,12499,13.9,63,1
Apr-24,2,12499,13.9,63,1
Apr-24,2,12499,13.9,63,1
Apr-24,2,12499,13.9,63,1
Apr-24,2,12499,13.9,63,1
Apr-24,2,12499,13.9,63,1
Apr-24,2,12499,13.9,63,1
Apr-24,2,12499,13.9,63,1
Apr-24,2,12499,13.9,63,1
Apr-24,2,12499,13.9,63,1
Apr-24,2,12499,13.9,63,0
Apr-24,2,12499,13.9,63,1
Apr-24,2,12499,13.9,63,1
Apr-24,3,11680,13.2,60,1
Apr-24,3,11680,13.2,60,1
Apr-24,3,11680,13.2,60,1
Apr-24,3,11680,13.2,60,1
Apr-24,3,11680,13.2,60,1
Apr-24,3,11680,13.2,60,1
Apr-24,3,11680,13.2,60,1
Apr-24,3,11680,13.2,60,1
Apr-24,4,11159,14.7,64,1
Apr-24,5,11680,14.8,55,1
Apr-24,5,11680,14.8,55,1
Apr-24,5,11680,14.8,55,1
Apr-24,6,10615,13.7,54,1
Apr-24,6,10615,13.7,54,1
Apr-24,6,10615,13.7,54,1
Apr-24,7,10690,14.6,67,1
Apr-24,7,10690,14.6,67,1
Apr-24,7,10690,14.6,67,1
Apr-24,7,10690,14.6,67,1
Apr-24,7,10690,14.6,67,1
Apr-24,8,89266,13.8,60,1
Apr-24,8,89266,13.8,60,1
Apr-24,8,89266,13.8,60,0
Apr-24,8,89266,13.8,60,1
Apr-24,8,89266,13.8,60,1
Apr-24,8,89266,13.8,60,1
Apr-24,8,89266,13.8,60,1
Apr-24,8,89266,13.8,60,1
Apr-24,9,3299,13.3,59,1
Apr-24,9,3299,13.3,59,1
Apr-24,10,3077,14.1,60,1
Apr-24,11,23431,12.7,61,1
Apr-24,11,23431,12.7,61,1
Apr-24,11,23431,12.7,61,1
Apr-24,11,23431,12.7,61,1
Apr-24,11,23431,12.7,61,1
Apr-24,11,23431,12.7,61,1
Apr-24,12,12222,13.7,69,1
Apr-24,12,12222,13.7,69,1
Apr-24,12,12222,13.7,69,1
Apr-24,12,12222,13.7,69,1
Apr-24,12,12222,13.7,69,1
Apr-24,12,12222,13.7,69,1
Apr-24,12,12222,13.7,69,1
Apr-24,12,12222,13.7,69,1
Apr-24,12,12222,13.7,69,0
Apr-24,12,12222,13.7,69,1
Apr-24,12,12222,13.7,69,1
Apr-24,12,12222,13.7,69,1
Apr-24,12,12222,13.7,69,1
Apr-24,12,12222,13.7,69,1
Apr-24,12,12222,13.7,69,1
Apr-24,12,12222,13.7,69,1
Apr-24,12,12222,13.7,69,1
Apr-24,12,12222,13.7,69,1
Apr-24,12,12222,13.7,69,1
Apr-24,13,12121,12.9,64,1
Apr-24,13,12121,12.9,64,1
Apr-24,13,12121,12.9,64,1
Apr-24,13,12121,12.9,64,1
Apr-24,13,12121,12.9,64,1
Apr-24,13,12121,12.9,64,1
Apr-24,13,12121,12.9,64,1
Apr-24,13,12121,12.9,64,1
Apr-24,13,12121,12.9,64,0
Apr-24,13,12121,12.9,64,1
Apr-24,13,12121,12.9,64,1
Apr-24,13,12121,12.9,64,1
Apr-24,13,12121,12.9,64,1
Apr-24,14,4091,15.5,69,1
Apr-24,14,4091,15.5,69,1
Apr-24,14,4091,15.5,69,1
Apr-24,15,14519,13,63,1
Apr-24,15,14519,13,63,1
Apr-24,15,14519,13,63,1
Apr-24,15,14519,13,63,1
Apr-24,15,14519,13,63,1
Apr-24,15,14519,13,63,1
Apr-24,15,14519,13,63,1
Apr-24,15,14519,13,63,1
Apr-24,15,14519,13,63,1
Apr-24,15,14519,13,63,1
Apr-24,15,14519,13,63,1
Apr-24,15,14519,13,63,1
Apr-24,15,14519,13,63,1
Apr-24,15,14519,13,63,1
Apr-24,15,14519,13,63,1
Apr-24,15,14519,13,63,1
Apr-24,15,14519,13,63,1
Apr-24,15,14519,13,63,1
Apr-24,15,14519,13,63,1
Apr-24,15,14519,13,63,1
Apr-24,16,10686,12.7,59,1
Apr-24,16,10686,12.7,59,1
Apr-24,16,10686,12.7,59,1
Apr-24,16,10686,12.7,59,1
Apr-24,16,10686,12.7,59,1
May-24,0,14456,17.15,64.5,1
May-24,0,14456,17.15,64.5,1
May-24,0,14456,17.15,64.5,1
May-24,0,14456,17.15,64.5,1
May-24,0,14456,17.15,64.5,1
May-24,0,14456,17.15,64.5,1
May-24,0,14456,17.15,64.5,1
May-24,0,14456,17.15,64.5,1
May-24,0,14456,17.15,64.5,1
May-24,0,14456,17.15,64.5,1
May-24,0,14456,17.15,64.5,1
May-24,0,14456,17.15,64.5,1
May-24,1,148936,18.3,68,1
May-24,1,148936,18.3,68,1
May-24,1,148936,18.3,68,1
May-24,1,148936,18.3,68,1
May-24,1,148936,18.3,68,1
May-24,1,148936,18.3,68,1
May-24,1,148936,18.3,68,1
May-24,1,148936,18.3,68,1
May-24,1,148936,18.3,68,1
May-24,1,148936,18.3,68,1
May-24,1,148936,18.3,68,1
May-24,1,148936,18.3,68,1
May-24,1,148936,18.3,68,1
May-24,1,148936,18.3,68,1
May-24,1,148936,18.3,68,1
May-24,1,148936,18.3,68,1
May-24,1,148936,18.3,68,1
May-24,1,148936,18.3,68,1
May-24,1,148936,18.3,68,1
May-24,1,148936,18.3,68,1
May-24,1,148936,18.3,68,1
May-24,1,148936,18.3,68,1
May-24,2,26036,17.9,73,1
May-24,2,26036,17.9,73,1
May-24,2,26036,17.9,73,0
May-24,2,26036,17.9,73,1
May-24,2,26036,17.9,73,1
May-24,2,26036,17.9,73,1
May-24,2,26036,17.9,73,1
May-24,2,26036,17.9,73,1
May-24,2,26036,17.9,73,1
May-24,2,26036,17.9,73,1
May-24,2,26036,17.9,73,1
May-24,2,26036,17.9,73,1
May-24,2,26036,17.9,73,1
May-24,2,26036,17.9,73,1
May-24,2,26036,17.9,73,1
May-24,2,26036,17.9,73,1
May-24,2,26036,17.9,73,1
May-24,2,26036,17.9,73,1
May-24,2,26036,17.9,73,1
May-24,2,26036,17.9,73,1
May-24,3,18185,17.9,67,1
May-24,3,18185,17.9,67,1
May-24,3,18185,17.9,67,1
May-24,3,18185,17.9,67,1
May-24,3,18185,17.9,67,1
May-24,3,18185,17.9,67,1
May-24,3,18185,17.9,67,1
May-24,3,18185,17.9,67,1
May-24,4,15003,19.4,74,1
May-24,5,18185,19.3,63,1
May-24,5,18185,19.3,63,0
May-24,5,18185,19.3,63,1
May-24,5,18185,19.3,63,1
May-24,5,18185,19.3,63,1
May-24,5,18185,19.3,63,1
May-24,5,18185,19.3,63,1
May-24,5,18185,19.3,63,1
May-24,5,18185,19.3,63,1
May-24,5,18185,19.3,63,1
May-24,5,18185,19.3,63,1
May-24,5,18185,19.3,63,0
May-24,6,15839,19,61,0
May-24,6,15839,19,61,1
May-24,6,15839,19,61,1
May-24,7,27172,17.9,73,1
May-24,7,27172,17.9,73,1
May-24,7,27172,17.9,73,0
May-24,7,27172,17.9,73,1
May-24,7,27172,17.9,73,1
May-24,7,27172,17.9,73,1
May-24,7,27172,17.9,73,1
May-24,8,127315,19.5,63,1
May-24,8,127315,19.5,63,1
May-24,8,127315,19.5,63,1
May-24,8,127315,19.5,63,1
May-24,8,127315,19.5,63,1
May-24,8,127315,19.5,63,1
May-24,8,127315,19.5,63,1
May-24,8,127315,19.5,63,1
May-24,8,127315,19.5,63,1
May-24,8,127315,19.5,63,1
May-24,8,127315,19.5,63,1
May-24,8,127315,19.5,63,0
May-24,8,127315,19.5,63,1
May-24,9,3931,18.5,66,1
May-24,10,8346,17.8,69,1
May-24,10,8346,17.8,69,1
May-24,10,8346,17.8,69,1
May-24,10,8346,17.8,69,1
May-24,10,8346,17.8,69,1
May-24,10,8346,17.8,69,1
May-24,10,8346,17.8,69,1
May-24,11,31187,18,67,1
May-24,11,31187,18,67,1
May-24,11,31187,18,67,1
May-24,11,31187,18,67,1
May-24,12,17486,18.1,78,1
May-24,12,17486,18.1,78,1
May-24,12,17486,18.1,78,1
May-24,12,17486,18.1,78,1
May-24,12,17486,18.1,78,1
May-24,12,17486,18.1,78,1
May-24,12,17486,18.1,78,1
May-24,12,17486,18.1,78,1
May-24,12,17486,18.1,78,1
May-24,12,17486,18.1,78,1
May-24,12,17486,18.1,78,1
May-24,12,17486,18.1,78,1
May-24,12,17486,18.1,78,1
May-24,12,17486,18.1,78,1
May-24,12,17486,18.1,78,1
May-24,13,16516,18.1,71,1
May-24,13,16516,18.1,71,1
May-24,13,16516,18.1,71,0
May-24,13,16516,18.1,71,1
May-24,13,16516,18.1,71,1
May-24,13,16516,18.1,71,1
May-24,13,16516,18.1,71,1
May-24,13,16516,18.1,71,1
May-24,13,16516,18.1,71,1
May-24,14,7731,19.1,77,1
May-24,14,7731,19.1,77,1
May-24,14,7731,19.1,77,1
May-24,15,20107,18.1,70,1
May-24,15,20107,18.1,70,1
May-24,15,20107,18.1,70,1
May-24,15,20107,18.1,70,1
May-24,15,20107,18.1,70,1
May-24,15,20107,18.1,70,1
May-24,15,20107,18.1,70,1
May-24,15,20107,18.1,70,0
May-24,15,20107,18.1,70,1
May-24,15,20107,18.1,70,1
May-24,15,20107,18.1,70,1
May-24,15,20107,18.1,70,1
May-24,15,20107,18.1,70,1
May-24,16,16093,18,64,1
May-24,16,16093,18,64,1
May-24,16,16093,18,64,1
May-24,16,16093,18,64,1
May-24,16,16093,18,64,1
Jun-24,0,12002,21.5,72.5,1
Jun-24,0,12002,21.5,72.5,1
Jun-24,0,12002,21.5,72.5,1
Jun-24,0,12002,21.5,72.5,1
Jun-24,0,12002,21.5,72.5,1
Jun-24,0,12002,21.5,72.5,1
Jun-24,0,12002,21.5,72.5,1
Jun-24,0,12002,21.5,72.5,1
Jun-24,1,123445,22.4,76,1
Jun-24,1,123445,22.4,76,1
Jun-24,1,123445,22.4,76,1
Jun-24,1,123445,22.4,76,1
Jun-24,1,123445,22.4,76,1
Jun-24,2,33173,22.6,76,1
Jun-24,2,33173,22.6,76,1
Jun-24,2,33173,22.6,76,1
Jun-24,2,33173,22.6,76,0
Jun-24,2,33173,22.6,76,1
Jun-24,2,33173,22.6,76,1
Jun-24,3,21161,22.4,73,1
Jun-24,3,21161,22.4,73,1
Jun-24,3,21161,22.4,73,1
Jun-24,4,16142,23.4,80,1
Jun-24,5,21161,24,66,1
Jun-24,6,13030,23.6,65,1
Jun-24,7,43735,22.5,72,1
Jun-24,8,109613,23.4,73,0
Jun-24,8,109613,23.4,73,1
Jun-24,8,109613,23.4,73,1
Jun-24,10,12335,22.3,74,1
Jun-24,10,12335,22.3,74,1
Jun-24,10,12335,22.3,74,1
Jun-24,10,12335,22.3,74,1
Jun-24,11,26736,21.8,77,1
Jun-24,11,26736,21.8,77,1
Jun-24,12,15041,22.4,81,1
Jun-24,12,15041,22.4,81,1
Jun-24,12,15041,22.4,81,1
Jun-24,13,14349,22.4,75,1
Jun-24,13,14349,22.4,75,1
Jun-24,13,14349,22.4,75,0
Jun-24,13,14349,22.4,75,1
Jun-24,13,14349,22.4,75,1
Jun-24,13,14349,22.4,75,1
Jun-24,14,11471,23.4,76,1
Jun-24,14,11471,23.4,76,1
Jun-24,15,16544,22.6,74,1
Jun-24,15,16544,22.6,74,1
Jun-24,15,16544,22.6,74,1
Jun-24,15,16544,22.6,74,1
Jun-24,15,16544,22.6,74,1
Jun-24,16,12399,22.5,71,1
Jun-24,16,12399,22.5,71,1
Jul-24,0,25734,25.2,80,1
Jul-24,0,25734,25.2,80,1
Jul-24,0,25734,25.2,80,0
Jul-24,0,25734,25.2,80,1
Jul-24,0,25734,25.2,80,1
Jul-24,0,25734,25.2,80,1
Jul-24,0,25734,25.2,80,1
Jul-24,0,25734,25.2,80,1
Jul-24,0,25734,25.2,80,1
Jul-24,0,25734,25.2,80,1
Jul-24,0,25734,25.2,80,1
Jul-24,0,25734,25.2,80,1
Jul-24,0,25734,25.2,80,1
Jul-24,0,25734,25.2,80,1
Jul-24,0,25734,25.2,80,1
Jul-24,0,25734,25.2,80,1
Jul-24,0,25734,25.2,80,1
Jul-24,1,218452,25.8,85,1
Jul-24,1,218452,25.8,85,1
Jul-24,2,74589,25.5,85,1
Jul-24,2,74589,25.5,85,1
Jul-24,2,74589,25.5,85,1
Jul-24,2,74589,25.5,85,1
Jul-24,2,74589,25.5,85,1
Jul-24,2,74589,25.5,85,1
Jul-24,2,74589,25.5,85,1
Jul-24,2,74589,25.5,85,1
Jul-24,3,49690,25.3,84,1
Jul-24,3,49690,25.3,84,1
Jul-24,3,49690,25.3,84,1
Jul-24,3,49690,25.3,84,1
Jul-24,3,49690,25.3,84,1
Jul-24,3,49690,25.3,84,1
Jul-24,3,49690,25.3,84,1
Jul-24,5,49690,26.7,78,1
Jul-24,7,92765,25.5,81,1
Jul-24,7,92765,25.5,81,1
Jul-24,8,184166,26.7,81,0
Jul-24,8,184166,26.7,81,1
Jul-24,9,6380,25.6,85,1
Jul-24,10,27491,25.8,80,1
Jul-24,11,43600,25.7,84,1
Jul-24,11,43600,25.7,84,1
Jul-24,11,43600,25.7,84,1
Jul-24,12,40179,25.6,91,1
Jul-24,12,40179,25.6,91,1
Jul-24,12,40179,25.6,91,1
Jul-24,12,40179,25.6,91,1
Jul-24,12,40179,25.6,91,1
Jul-24,12,40179,25.6,91,1
Jul-24,12,40179,25.6,91,1
Jul-24,13,31739,25.7,85,1
Jul-24,13,31739,25.7,85,1
Jul-24,13,31739,25.7,85,1
Jul-24,13,31739,25.7,85,1
Jul-24,13,31739,25.7,85,1
Jul-24,13,31739,25.7,85,1
Jul-24,14,21084,28.1,75,1
Jul-24,14,21084,28.1,75,1
Jul-24,14,21084,28.1,75,1
Jul-24,14,21084,28.1,75,1
Jul-24,14,21084,28.1,75,1
Jul-24,14,21084,28.1,75,1
Jul-24,15,33818,25.6,87,1
Jul-24,15,33818,25.6,87,1
Jul-24,15,33818,25.6,87,1
Jul-24,15,33818,25.6,87,1
Jul-24,15,33818,25.6,87,1
Jul-24,15,33818,25.6,87,1
Jul-24,16,26383,25.4,84,1
Aug-24,0,39445,24.75,82,1
Aug-24,0,39445,24.75,82,1
Aug-24,0,39445,24.75,82,1
Aug-24,0,39445,24.75,82,1
Aug-24,0,39445,24.75,82,1
Aug-24,0,39445,24.75,82,1
Aug-24,0,39445,24.75,82,1
Aug-24,0,39445,24.75,82,1
Aug-24,0,39445,24.75,82,1
Aug-24,0,39445,24.75,82,1
Aug-24,0,39445,24.75,82,1
Aug-24,1,340980,26.4,81,1
Aug-24,1,340980,26.4,81,1
Aug-24,1,340980,26.4,81,1
Aug-24,1,340980,26.4,81,1
Aug-24,2,82978,27.1,80,1
Aug-24,2,82978,27.1,80,1
Aug-24,2,82978,27.1,80,1
Aug-24,2,82978,27.1,80,1
Aug-24,2,82978,27.1,80,1
Aug-24,2,82978,27.1,80,1
Aug-24,2,82978,27.1,80,1
Aug-24,3,66932,26.2,82,1
Aug-24,3,66932,26.2,82,1
Aug-24,3,66932,26.2,82,1
Aug-24,3,66932,26.2,82,1
Aug-24,4,45105,27.3,90,1
Aug-24,5,66932,27.5,76,1
Aug-24,6,44635,27,76,1
Aug-24,6,44635,27,76,1
Aug-24,7,87775,27.8,73,1
Aug-24,7,87775,27.8,73,1
Aug-24,8,253546,27.2,76,1
Aug-24,10,28272,26.5,80,1
Aug-24,10,28272,26.5,80,1
Aug-24,10,28272,26.5,80,1
Aug-24,11,77839,26.6,80,1
Aug-24,11,77839,26.6,80,1
Aug-24,12,49927,27.1,84,1
Aug-24,12,49927,27.1,84,1
Aug-24,12,49927,27.1,84,1
Aug-24,12,49927,27.1,84,1
Aug-24,12,49927,27.1,84,1
Aug-24,12,49927,27.1,84,1
Aug-24,12,49927,27.1,84,1
Aug-24,13,57791,26.6,81,1
Aug-24,13,57791,26.6,81,1
Aug-24,13,57791,26.6,81,1
Aug-24,13,57791,26.6,81,1
Aug-24,13,57791,26.6,81,1
Aug-24,13,57791,26.6,81,1
Aug-24,13,57791,26.6,81,1
Aug-24,14,15675,28.8,73,1
Aug-24,14,15675,28.8,73,1
Aug-24,14,15675,28.8,73,1
Aug-24,15,59021,26.6,81,1
Aug-24,15,59021,26.6,81,1
Aug-24,15,59021,26.6,81,1
Aug-24,15,59021,26.6,81,1
Aug-24,16,42834,26.2,80,1
Aug-24,16,42834,26.2,80,1
Sep-24,0,0,20.85,82,1
Sep-24,0,0,20.85,82,1
Sep-24,0,0,20.85,82,0
Sep-24,0,0,20.85,82,1
Sep-24,0,0,20.85,82,1
Sep-24,0,0,20.85,82,1
Sep-24,0,0,20.85,82,1
Sep-24,0,0,20.85,82,1
Sep-24,0,0,20.85,82,1
Sep-24,0,0,20.85,82,1
Sep-24,0,0,20.85,82,1
Sep-24,0,0,20.85,82,1
Sep-24,0,0,20.85,82,1
Sep-24,0,0,20.85,82,1
Sep-24,0,0,20.85,82,1
Sep-24,0,0,20.85,82,1
Sep-24,0,0,20.85,82,1
Sep-24,0,0,20.85,82,1
Sep-24,0,0,20.85,82,1
Sep-24,0,0,20.85,82,1
Sep-24,0,0,20.85,82,1
Sep-24,0,0,20.85,82,1
Sep-24,0,0,20.85,82,1
Sep-24,1,0,22.8,80,1
Sep-24,1,0,22.8,80,1
Sep-24,1,0,22.8,80,1
Sep-24,1,0,22.8,80,1
Sep-24,1,0,22.8,80,1
Sep-24,1,0,22.8,80,1
Sep-24,1,0,22.8,80,1
Sep-24,1,0,22.8,80,1
Sep-24,1,0,22.8,80,1
Sep-24,1,0,22.8,80,1
Sep-24,1,0,22.8,80,1
Sep-24,1,0,22.8,80,1
Sep-24,1,0,22.8,80,1
Sep-24,1,0,22.8,80,1
Sep-24,1,0,22.8,80,1
Sep-24,1,0,22.8,80,1
Sep-24,1,0,22.8,80,1
Sep-24,1,0,22.8,80,1
Sep-24,1,0,22.8,80,0
Sep-24,1,0,22.8,80,1
Sep-24,1,0,22.8,80,1
Sep-24,1,0,22.8,80,1
Sep-24,1,0,22.8,80,1
Sep-24,1,0,22.8,80,0
Sep-24,1,0,22.8,80,1
Sep-24,1,0,22.8,80,1
Sep-24,1,0,22.8,80,1
Sep-24,1,0,22.8,80,1
Sep-24,1,0,22.8,80,1
Sep-24,2,0,23.4,80,1
Sep-24,2,0,23.4,80,1
Sep-24,2,0,23.4,80,1
Sep-24,2,0,23.4,80,1
Sep-24,2,0,23.4,80,1
Sep-24,2,0,23.4,80,1
Sep-24,2,0,23.4,80,1
Sep-24,2,0,23.4,80,1
Sep-24,2,0,23.4,80,1
Sep-24,2,0,23.4,80,1
Sep-24,2,0,23.4,80,1
Sep-24,2,0,23.4,80,1
Sep-24,2,0,23.4,80,1
Sep-24,2,0,23.4,80,1
Sep-24,2,0,23.4,80,1
Sep-24,2,0,23.4,80,1
Sep-24,2,0,23.4,80,1
Sep-24,3,0,22.2,83,1
Sep-24,3,0,22.2,83,1
Sep-24,3,0,22.2,83,1
Sep-24,3,0,22.2,83,1
Sep-24,3,0,22.2,83,1
Sep-24,3,0,22.2,83,1
Sep-24,3,0,22.2,83,1
Sep-24,3,0,22.2,83,1
Sep-24,3,0,22.2,83,1
Sep-24,3,0,22.2,83,1
Sep-24,3,0,22.2,83,1
Sep-24,3,0,22.2,83,1
Sep-24,3,0,22.2,83,1
Sep-24,4,0,23.8,88,1
Sep-24,5,0,23.5,77,1
Sep-24,5,0,23.5,77,1
Sep-24,5,0,23.5,77,0
Sep-24,5,0,23.5,77,1
Sep-24,6,0,22.8,77,1
Sep-24,6,0,22.8,77,1
Sep-24,7,0,24.5,71,1
Sep-24,7,0,24.5,71,1
Sep-24,7,0,24.5,71,1
Sep-24,8,0,23.7,74,1
Sep-24,8,0,23.7,74,1
Sep-24,8,0,23.7,74,0
Sep-24,8,0,23.7,74,1
Sep-24,8,0,23.7,74,0
Sep-24,8,0,23.7,74,1
Sep-24,8,0,23.7,74,1
Sep-24,8,0,23.7,74,1
Sep-24,8,0,23.7,74,0
Sep-24,8,0,23.7,74,1
Sep-24,8,0,23.7,74,1
Sep-24,8,0,23.7,74,1
Sep-24,8,0,23.7,74,0
Sep-24,8,0,23.7,74,0
Sep-24,8,0,23.7,74,1
Sep-24,8,0,23.7,74,1
Sep-24,10,0,22.9,80,1
Sep-24,10,0,22.9,80,1
Sep-24,10,0,22.9,80,1
Sep-24,11,0,23.5,75,1
Sep-24,11,0,23.5,75,1
Sep-24,11,0,23.5,75,1
Sep-24,11,0,23.5,75,1
Sep-24,11,0,23.5,75,1
Sep-24,11,0,23.5,75,1
Sep-24,11,0,23.5,75,1
Sep-24,11,0,23.5,75,1
Sep-24,11,0,23.5,75,1
Sep-24,12,0,23.9,83,1
Sep-24,12,0,23.9,83,1
Sep-24,12,0,23.9,83,1
Sep-24,12,0,23.9,83,1
Sep-24,12,0,23.9,83,1
Sep-24,12,0,23.9,83,1
Sep-24,12,0,23.9,83,1
Sep-24,13,0,22.7,82,1
Sep-24,13,0,22.7,82,1
Sep-24,13,0,22.7,82,0
Sep-24,13,0,22.7,82,1
Sep-24,13,0,22.7,82,1
Sep-24,13,0,22.7,82,1
Sep-24,13,0,22.7,82,1
Sep-24,13,0,22.7,82,1
Sep-24,14,0,25.5,71,1
Sep-24,14,0,25.5,71,1
Sep-24,14,0,25.5,71,1
Sep-24,14,0,25.5,71,1
Sep-24,14,0,25.5,71,1
Sep-24,15,0,22.6,81,1
Sep-24,15,0,22.6,81,1
Sep-24,15,0,22.6,81,1
Sep-24,15,0,22.6,81,0
Sep-24,15,0,22.6,81,1
Sep-24,15,0,22.6,81,1
Sep-24,15,0,22.6,81,1
Sep-24,15,0,22.6,81,1
Sep-24,15,0,22.6,81,1
Sep-24,15,0,22.6,81,1
Sep-24,15,0,22.6,81,1
Sep-24,16,0,22,81,1
Sep-24,16,0,22,81,1
Sep-24,16,0,22,81,1
Sep-24,16,0,22,81,1
Sep-24,16,0,22,81,1
Sep-24,16,0,22,81,1
Oct-24,0,0,13.35,71,1
Oct-24,0,0,13.35,71,1
Oct-24,0,0,13.35,71,1
Oct-24,0,0,13.35,71,1
Oct-24,0,0,13.35,71,1
Oct-24,0,0,13.35,71,1
Oct-24,0,0,13.35,71,0
Oct-24,0,0,13.35,71,1
Oct-24,0,0,13.35,71,1
Oct-24,0,0,13.35,71,1
Oct-24,0,0,13.35,71,1
Oct-24,0,0,13.35,71,1
Oct-24,0,0,13.35,71,1
Oct-24,0,0,13.35,71,1
Oct-24,0,0,13.35,71,1
Oct-24,0,0,13.35,71,1
Oct-24,0,0,13.35,71,1
Oct-24,0,0,13.35,71,1
Oct-24,0,0,13.35,71,1
Oct-24,0,0,13.35,71,1
Oct-24,0,0,13.35,71,1
Oct-24,0,0,13.35,71,1
Oct-24,0,0,13.35,71,1
Oct-24,1,0,14.7,74,1
Oct-24,1,0,14.7,74,1
Oct-24,1,0,14.7,74,1
Oct-24,1,0,14.7,74,1
Oct-24,1,0,14.7,74,1
Oct-24,1,0,14.7,74,1
Oct-24,1,0,14.7,74,1
Oct-24,1,0,14.7,74,1
Oct-24,1,0,14.7,74,1
Oct-24,1,0,14.7,74,0
Oct-24,1,0,14.7,74,1
Oct-24,1,0,14.7,74,1
Oct-24,1,0,14.7,74,1
Oct-24,1,0,14.7,74,1
Oct-24,1,0,14.7,74,1
Oct-24,1,0,14.7,74,1
Oct-24,1,0,14.7,74,0
Oct-24,1,0,14.7,74,1
Oct-24,1,0,14.7,74,0
Oct-24,1,0,14.7,74,1
Oct-24,1,0,14.7,74,1
Oct-24,1,0,14.7,74,1
Oct-24,1,0,14.7,74,1
Oct-24,1,0,14.7,74,1
Oct-24,1,0,14.7,74,1
Oct-24,1,0,14.7,74,1
Oct-24,1,0,14.7,74,1
Oct-24,1,0,14.7,74,1
Oct-24,1,0,14.7,74,1
Oct-24,1,0,14.7,74,1
Oct-24,1,0,14.7,74,1
Oct-24,1,0,14.7,74,1
Oct-24,1,0,14.7,74,1
Oct-24,1,0,14.7,74,1
Oct-24,1,0,14.7,74,1
Oct-24,1,0,14.7,74,1
Oct-24,1,0,14.7,74,1
Oct-24,1,0,14.7,74,1
Oct-24,1,0,14.7,74,1
Oct-24,2,0,16,67,1
Oct-24,2,0,16,67,1
Oct-24,2,0,16,67,1
Oct-24,2,0,16,67,1
Oct-24,2,0,16,67,1
Oct-24,2,0,16,67,1
Oct-24,2,0,16,67,1
Oct-24,2,0,16,67,0
Oct-24,2,0,16,67,1
Oct-24,2,0,16,67,1
Oct-24,2,0,16,67,1
Oct-24,2,0,16,67,1
Oct-24,2,0,16,67,1
Oct-24,2,0,16,67,1
Oct-24,2,0,16,67,1
Oct-24,2,0,16,67,1
Oct-24,2,0,16,67,1
Oct-24,2,0,16,67,1
Oct-24,2,0,16,67,1
Oct-24,2,0,16,67,1
Oct-24,2,0,16,67,0
Oct-24,2,0,16,67,1
Oct-24,2,0,16,67,1
Oct-24,2,0,16,67,1
Oct-24,2,0,16,67,1
Oct-24,2,0,16,67,1
Oct-24,2,0,16,67,1
Oct-24,2,0,16,67,1
Oct-24,2,0,16,67,1
Oct-24,2,0,16,67,1
Oct-24,2,0,16,67,1
Oct-24,2,0,16,67,1
Oct-24,2,0,16,67,1
Oct-24,2,0,16,67,1
Oct-24,2,0,16,67,1
Oct-24,2,0,16,67,1
Oct-24,2,0,16,67,1
Oct-24,2,0,16,67,1
Oct-24,2,0,16,67,1
Oct-24,3,0,14.3,72,1
Oct-24,3,0,14.3,72,1
Oct-24,3,0,14.3,72,1
Oct-24,3,0,14.3,72,1
Oct-24,3,0,14.3,72,1
Oct-24,3,0,14.3,72,1
Oct-24,3,0,14.3,72,1
Oct-24,3,0,14.3,72,1
Oct-24,3,0,14.3,72,1
Oct-24,3,0,14.3,72,1
Oct-24,3,0,14.3,72,1
Oct-24,3,0,14.3,72,1
Oct-24,3,0,14.3,72,1
Oct-24,3,0,14.3,72,1
Oct-24,3,0,14.3,72,1
Oct-24,3,0,14.3,72,1
Oct-24,3,0,14.3,72,1
Oct-24,3,0,14.3,72,0
Oct-24,3,0,14.3,72,1
Oct-24,3,0,14.3,72,1
Oct-24,3,0,14.3,72,1
Oct-24,3,0,14.3,72,1
Oct-24,3,0,14.3,72,1
Oct-24,4,0,16.6,76,1
Oct-24,4,0,16.6,76,1
Oct-24,4,0,16.6,76,1
Oct-24,4,0,16.6,76,1
Oct-24,4,0,16.6,76,1
Oct-24,4,0,16.6,76,1
Oct-24,5,0,15.9,66,0
Oct-24,5,0,15.9,66,1
Oct-24,5,0,15.9,66,1
Oct-24,5,0,15.9,66,1
Oct-24,5,0,15.9,66,1
Oct-24,5,0,15.9,66,1
Oct-24,5,0,15.9,66,0
Oct-24,5,0,15.9,66,1
Oct-24,5,0,15.9,66,0
Oct-24,5,0,15.9,66,1
Oct-24,5,0,15.9,66,1
Oct-24,5,0,15.9,66,1
Oct-24,5,0,15.9,66,1
Oct-24,5,0,15.9,66,1
Oct-24,5,0,15.9,66,1
Oct-24,5,0,15.9,66,1
Oct-24,6,0,15,69,1
Oct-24,6,0,15,69,0
Oct-24,6,0,15,69,1
Oct-24,6,0,15,69,1
Oct-24,6,0,15,69,1
Oct-24,6,0,15,69,1
Oct-24,7,0,18.3,52,1
Oct-24,7,0,18.3,52,1
Oct-24,7,0,18.3,52,1
Oct-24,7,0,18.3,52,1
Oct-24,7,0,18.3,52,1
Oct-24,7,0,18.3,52,1
Oct-24,7,0,18.3,52,1
Oct-24,7,0,18.3,52,1
Oct-24,7,0,18.3,52,0
Oct-24,7,0,18.3,52,1
Oct-24,7,0,18.3,52,1
Oct-24,7,0,18.3,52,1
Oct-24,7,0,18.3,52,1
Oct-24,7,0,18.3,52,1
Oct-24,7,0,18.3,52,1
Oct-24,7,0,18.3,52,1
Oct-24,7,0,18.3,52,1
Oct-24,7,0,18.3,52,1
Oct-24,7,0,18.3,52,1
Oct-24,8,0,15.8,67,1
Oct-24,8,0,15.8,67,1
Oct-24,8,0,15.8,67,0
Oct-24,8,0,15.8,67,0
Oct-24,8,0,15.8,67,1
Oct-24,8,0,15.8,67,0
Oct-24,8,0,15.8,67,1
Oct-24,8,0,15.8,67,1
Oct-24,8,0,15.8,67,1
Oct-24,8,0,15.8,67,1
Oct-24,8,0,15.8,67,1
Oct-24,8,0,15.8,67,1
Oct-24,8,0,15.8,67,1
Oct-24,8,0,15.8,67,0
Oct-24,8,0,15.8,67,1
Oct-24,8,0,15.8,67,1
Oct-24,8,0,15.8,67,1
Oct-24,8,0,15.8,67,1
Oct-24,8,0,15.8,67,1
Oct-24,8,0,15.8,67,1
Oct-24,8,0,15.8,67,1
Oct-24,8,0,15.8,67,1
Oct-24,8,0,15.8,67,1
Oct-24,8,0,15.8,67,1
Oct-24,8,0,15.8,67,0
Oct-24,9,0,14.8,74,1
Oct-24,9,0,14.8,74,1
Oct-24,10,0,16.4,62,1
Oct-24,10,0,16.4,62,1
Oct-24,10,0,16.4,62,1
Oct-24,10,0,16.4,62,1
Oct-24,10,0,16.4,62,1
Oct-24,10,0,16.4,62,0
Oct-24,11,0,16.3,65,1
Oct-24,11,0,16.3,65,1
Oct-24,11,0,16.3,65,1
Oct-24,11,0,16.3,65,1
Oct-24,11,0,16.3,65,1
Oct-24,11,0,16.3,65,1
Oct-24,11,0,16.3,65,1
Oct-24,11,0,16.3,65,1
Oct-24,11,0,16.3,65,1
Oct-24,11,0,16.3,65,1
Oct-24,12,0,16.8,72,0
Oct-24,12,0,16.8,72,1
Oct-24,12,0,16.8,72,1
Oct-24,12,0,16.8,72,1
Oct-24,12,0,16.8,72,1
Oct-24,12,0,16.8,72,1
Oct-24,12,0,16.8,72,1
Oct-24,12,0,16.8,72,1
Oct-24,12,0,16.8,72,1
Oct-24,12,0,16.8,72,1
Oct-24,12,0,16.8,72,1
Oct-24,12,0,16.8,72,1
Oct-24,12,0,16.8,72,1
Oct-24,12,0,16.8,72,1
Oct-24,12,0,16.8,72,1
Oct-24,12,0,16.8,72,1
Oct-24,12,0,16.8,72,1
Oct-24,12,0,16.8,72,1
Oct-24,12,0,16.8,72,1
Oct-24,12,0,16.8,72,1
Oct-24,12,0,16.8,72,1
Oct-24,13,0,14.8,74,1
Oct-24,13,0,14.8,74,1
Oct-24,13,0,14.8,74,1
Oct-24,13,0,14.8,74,1
Oct-24,13,0,14.8,74,1
Oct-24,13,0,14.8,74,1
Oct-24,13,0,14.8,74,1
Oct-24,13,0,14.8,74,1
Oct-24,13,0,14.8,74,0
Oct-24,13,0,14.8,74,1
Oct-24,13,0,14.8,74,0
Oct-24,13,0,14.8,74,1
Oct-24,13,0,14.8,74,1
Oct-24,13,0,14.8,74,1
Oct-24,13,0,14.8,74,1
Oct-24,13,0,14.8,74,1
Oct-24,13,0,14.8,74,1
Oct-24,13,0,14.8,74,1
Oct-24,13,0,14.8,74,1
Oct-24,13,0,14.8,74,0
Oct-24,13,0,14.8,74,1
Oct-24,13,0,14.8,74,0
Oct-24,14,0,19.4,60,1
Oct-24,14,0,19.4,60,1
Oct-24,14,0,19.4,60,1
Oct-24,14,0,19.4,60,1
Oct-24,14,0,19.4,60,1
Oct-24,14,0,19.4,60,1
Oct-24,14,0,19.4,60,1
Oct-24,14,0,19.4,60,1
Oct-24,14,0,19.4,60,1
Oct-24,14,0,19.4,60,1
Oct-24,14,0,19.4,60,1
Oct-24,15,0,14.5,76,1
Oct-24,15,0,14.5,76,1
Oct-24,15,0,14.5,76,1
Oct-24,15,0,14.5,76,1
Oct-24,15,0,14.5,76,1
Oct-24,15,0,14.5,76,1
Oct-24,15,0,14.5,76,1
Oct-24,15,0,14.5,76,1
Oct-24,15,0,14.5,76,1
Oct-24,15,0,14.5,76,1
Oct-24,15,0,14.5,76,1
Oct-24,15,0,14.5,76,0
Oct-24,15,0,14.5,76,1
Oct-24,15,0,14.5,76,1
Oct-24,15,0,14.5,76,1
Oct-24,15,0,14.5,76,1
Oct-24,15,0,14.5,76,1
Oct-24,15,0,14.5,76,1
Oct-24,15,0,14.5,76,1
Oct-24,15,0,14.5,76,1
Oct-24,15,0,14.5,76,1
Oct-24,15,0,14.5,76,1
Oct-24,15,0,14.5,76,1
Oct-24,15,0,14.5,76,1
Oct-24,15,0,14.5,76,1
Oct-24,16,0,13.4,75,1
Oct-24,16,0,13.4,75,1
Oct-24,16,0,13.4,75,1
Oct-24,16,0,13.4,75,1
Oct-24,16,0,13.4,75,1
Oct-24,16,0,13.4,75,1
Oct-24,16,0,13.4,75,1
Oct-24,16,0,13.4,75,1
Oct-24,16,0,13.4,75,1
Oct-24,16,0,13.4,75,1
Oct-24,16,0,13.4,75,1
Nov-24,0,0,6.4,59,1
Nov-24,0,0,6.4,59,1
Nov-24,1,0,6.5,67,1
Nov-24,1,0,6.5,67,1
Nov-24,1,0,6.5,67,1
Nov-24,1,0,6.5,67,1
Nov-24,1,0,6.5,67,1
Nov-24,2,0,9.7,61,1
Nov-24,2,0,9.7,61,1
Nov-24,2,0,9.7,61,1
Nov-24,2,0,9.7,61,1
Nov-24,3,0,7.9,61,1
Nov-24,3,0,7.9,61,1
Nov-24,3,0,7.9,61,1
Nov-24,4,0,9.9,75,1
Nov-24,6,0,7.6,64,1
Nov-24,7,0,11.8,49,1
Nov-24,7,0,11.8,49,1
Nov-24,7,0,11.8,49,0
Nov-24,8,0,6.8,65,1
Nov-24,9,0,7.6,68,1
Nov-24,10,0,10.4,53,1
Nov-24,11,0,6.9,66,1
Nov-24,11,0,6.9,66,1
Nov-24,12,0,10.4,71,1
Nov-24,12,0,10.4,71,1
Nov-24,12,0,10.4,71,1
Nov-24,13,0,8.1,72,1
Nov-24,13,0,8.1,72,1
Nov-24,14,0,13.7,60,1
Nov-24,14,0,13.7,60,1
Nov-24,14,0,13.7,60,1
Nov-24,15,0,7.5,71,1
Nov-24,15,0,7.5,71,1
Nov-24,15,0,7.5,71,1
Nov-24,15,0,7.5,71,1
Nov-24,15,0,7.5,71,1
Nov-24,15,0,7.5,71,1
Nov-24,15,0,7.5,71,1
Nov-24,16,0,6.3,67,1
Dec-24,0,0,0,66.5,1
Dec-24,0,0,0,66.5,1
Dec-24,0,0,0,66.5,1
Dec-24,0,0,0,66.5,1
Dec-24,0,0,0,66.5,1
Dec-24,0,0,0,66.5,1
Dec-24,1,0,0.6,72,1
Dec-24,1,0,0.6,72,1
Dec-24,1,0,0.6,72,1
Dec-24,2,0,4.3,64,1
Dec-24,2,0,4.3,64,1
Dec-24,2,0,4.3,64,1
Dec-24,3,0,2.2,64,1
Dec-24,3,0,2.2,64,1
Dec-24,3,0,2.2,64,0
Dec-24,3,0,2.2,64,1
Dec-24,3,0,2.2,64,1
Dec-24,3,0,2.2,64,1
Dec-24,3,0,2.2,64,1
Dec-24,4,0,4.8,83,1
Dec-24,6,0,2.2,70,1
Dec-24,7,0,6.4,52,1
Dec-24,7,0,6.4,52,1
Dec-24,7,0,6.4,52,1
Dec-24,7,0,6.4,52,1
Dec-24,7,0,6.4,52,1
Dec-24,10,0,4.9,56,1
Dec-24,10,0,4.9,56,1
Dec-24,10,0,4.9,56,1
Dec-24,10,0,4.9,56,0
Dec-24,11,0,1.2,69,1
Dec-24,11,0,1.2,69,1
Dec-24,11,0,1.2,69,1
Dec-24,12,0,5.3,77,1
Dec-24,12,0,5.3,77,1
Dec-24,12,0,5.3,77,1
Dec-24,12,0,5.3,77,1
Dec-24,12,0,5.3,77,1
Dec-24,12,0,5.3,77,1
Dec-24,13,0,3.1,77,1
Dec-24,13,0,3.1,77,1
Dec-24,13,0,3.1,77,1
Dec-24,13,0,3.1,77,1
Dec-24,13,0,3.1,77,1
Dec-24,13,0,3.1,77,1
Dec-24,13,0,3.1,77,1
Dec-24,13,0,3.1,77,1
Dec-24,14,0,9.4,66,1
Dec-24,15,0,2.2,77,1
Dec-24,15,0,2.2,77,1
Dec-24,15,0,2.2,77,1
Dec-24,15,0,2.2,77,1
